date,daily_rental_count,avg_temp_c,min_temp_c,max_temp_c,precip_duration_hr,daily_precip_mm,avg_wind_speed_m_s,avg_rel_humidity_pct,year,month,day,dayofweek,dayofyear,weekofyear,is_weekend,is_month_start,is_month_end,is_rainy,temp_range_c,trend_idx,month_sin,month_cos,dow_sin,dow_cos,doy_sin,doy_cos,temp_x_rain,humidity_x_rain,precip_x_humidity,wind_x_rain,season
2024-01-01,48927,3.3,-0.3,7.3,2.92,0.0,1.7,83.4,2024,1,1,0,1,1,0,1,0,0,7.6,0,0.49999999999999994,0.8660254037844387,0.0,1.0,0.017201575418260506,0.9998520419557735,0.0,0.0,0.0,0.0,winter
2024-01-02,89691,2.9,2.2,4.3,1.58,0.0,1.6,72.6,2024,1,2,1,2,1,0,0,0,0,2.0999999999999996,1,0.49999999999999994,0.8660254037844387,0.7818314824680298,0.6234898018587336,0.03439806061360801,0.9994082116062598,0.0,0.0,0.0,0.0,winter
2024-01-03,74474,1.8,-1.1,4.0,6.25,0.6,1.6,80.4,2024,1,3,2,3,1,0,0,0,1,5.1,2,0.49999999999999994,0.8660254037844387,0.9749279121818236,-0.22252093395631434,0.051584366869408364,0.9986686402879997,1.8,80.4,48.24,1.6,winter
2024-01-04,93416,1.4,-3.3,4.7,0.0,0.0,1.9,74.3,2024,1,4,3,4,1,0,0,0,0,8.0,3,0.49999999999999994,0.8660254037844387,0.43388373911755823,-0.900968867902419,0.06875540848113941,0.9976335468520451,0.0,0.0,0.0,0.0,winter
2024-01-05,97979,5.0,1.4,9.1,0.42,0.0,2.3,77.1,2024,1,5,4,5,1,0,0,0,0,7.699999999999999,4,0.49999999999999994,0.8660254037844387,-0.433883739117558,-0.9009688679024191,0.08590610426133272,0.9963032375991965,0.0,0.0,0.0,0.0,winter
2024-01-06,59055,0.7,-2.7,5.2,3.08,2.4,2.2,63.9,2024,1,6,5,6,1,1,0,0,1,7.9,5,0.49999999999999994,0.8660254037844387,-0.9749279121818236,-0.2225209339563146,0.10303137904317879,0.9946781061893646,0.7,63.9,153.35999999999999,2.2,winter
2024-01-07,32920,-4.4,-8.3,-0.9,0.0,0.0,3.1,57.4,2024,1,7,6,7,1,1,0,0,0,7.4,6,0.49999999999999994,0.8660254037844387,-0.7818314824680299,0.6234898018587334,0.1201261651823505,0.9927586335250793,-0.0,0.0,0.0,0.0,winter
2024-01-08,67260,-4.7,-10.3,0.0,0.0,0.0,1.8,57.8,2024,1,8,0,8,2,0,0,0,0,10.3,7,0.49999999999999994,0.8660254037844387,0.0,1.0,0.13718540405660057,0.9905453876091833,-0.0,0.0,0.0,0.0,winter
2024-01-09,39401,-0.6,-1.9,0.4,13.17,1.6,2.0,84.0,2024,1,9,1,9,2,0,0,0,1,2.3,8,0.49999999999999994,0.8660254037844387,0.7818314824680298,0.6234898018587336,0.1542040475626894,0.988039023376751,-0.6,84.0,134.4,2.0,winter
2024-01-10,71631,-1.0,-4.1,3.3,0.0,0.0,1.7,85.9,2024,1,10,2,10,2,0,0,0,0,7.3999999999999995,9,0.49999999999999994,0.8660254037844387,0.9749279121818236,-0.22252093395631434,0.17117705961019986,0.985240282501282,-0.0,0.0,0.0,0.0,winter
2024-01-11,84444,1.7,-2.4,4.5,0.0,0.0,1.9,80.6,2024,1,11,3,11,2,0,0,0,0,6.9,10,0.49999999999999994,0.8660254037844387,0.43388373911755823,-0.900968867902419,0.18809941761179758,0.9821499931752291,0.0,0.0,0.0,0.0,winter
2024-01-12,86810,0.9,-1.4,4.2,0.0,0.0,2.3,61.6,2024,1,12,4,12,2,0,0,0,0,5.6,11,0.49999999999999994,0.8660254037844387,-0.433883739117558,-0.9009688679024191,0.20496611396949532,0.9787690698649216,0.0,0.0,0.0,0.0,winter
2024-01-13,66225,0.4,-3.8,6.4,0.0,0.0,1.4,44.3,2024,1,13,5,13,2,1,0,0,0,10.2,12,0.49999999999999994,0.8660254037844387,-0.9749279121818236,-0.2225209339563146,0.22177215755648186,0.975098513039961,0.0,0.0,0.0,0.0,winter
2024-01-14,29982,-0.6,-3.3,2.4,3.67,3.1,2.1,74.5,2024,1,14,6,14,2,1,0,0,1,5.699999999999999,13,0.49999999999999994,0.8660254037844387,-0.7818314824680299,0.6234898018587334,0.23851257519407648,0.9711394088771653,-0.6,74.5,230.95000000000002,2.1,winter
2024-01-15,72929,-3.7,-6.9,0.9,0.0,0.0,2.5,51.3,2024,1,15,0,15,3,0,0,0,0,7.800000000000001,14,0.49999999999999994,0.8660254037844387,0.0,1.0,0.2551824131233728,0.9668929289391521,-0.0,0.0,0.0,0.0,winter
2024-01-16,81422,-2.1,-7.2,4.3,0.0,0.0,1.5,49.8,2024,1,16,1,16,3,0,0,0,0,11.5,15,0.49999999999999994,0.8660254037844387,0.7818314824680298,0.6234898018587336,0.2717767384711357,0.9623603298276545,-0.0,0.0,0.0,0.0,winter
2024-01-17,37840,0.6,-2.3,1.9,13.17,9.7,2.0,78.5,2024,1,17,2,17,3,0,0,0,1,4.199999999999999,16,0.49999999999999994,0.8660254037844387,0.9749279121818236,-0.22252093395631434,0.2882906407095177,0.9575429528116719,0.6,78.5,761.4499999999999,2.0,winter
2024-01-18,78568,4.5,1.4,9.4,2.58,0.5,2.4,81.5,2024,1,18,3,18,3,0,0,0,1,8.0,17,0.49999999999999994,0.8660254037844387,0.43388373911755823,-0.900968867902419,0.3047192331091634,0.9524422234305676,4.5,81.5,40.75,2.4,winter
2024-01-19,93429,5.4,4.0,9.0,0.0,0.0,4.5,65.4,2024,1,19,4,19,3,0,0,0,0,5.0,18,0.49999999999999994,0.8660254037844387,-0.433883739117558,-0.9009688679024191,0.321057654185271,0.9470596510722283,0.0,0.0,0.0,0.0,winter
2024-01-20,43165,3.4,1.9,4.9,11.17,0.4,5.3,69.5,2024,1,20,5,20,3,1,0,0,1,3.0000000000000004,19,0.49999999999999994,0.8660254037844387,-0.9749279121818236,-0.2225209339563146,0.3373010691361842,0.9413968285264122,3.4,69.5,27.8,5.3,winter
2024-01-21,38277,1.7,-2.4,4.3,8.58,0.4,2.5,75.8,2024,1,21,6,21,3,1,0,0,1,6.699999999999999,20,0.49999999999999994,0.8660254037844387,-0.7818314824680299,0.6234898018587334,0.3534446712740877,0.9354554315134164,1.7,75.8,30.32,2.5,winter
2024-01-22,50137,-8.7,-11.9,-2.4,8.83,0.2,4.1,65.6,2024,1,22,0,22,4,0,0,0,1,9.5,21,0.49999999999999994,0.8660254037844387,0.0,1.0,0.3694836834473831,0.9292372181882051,-8.7,65.6,13.12,4.1,winter
2024-01-23,45183,-11.7,-14.0,-8.2,0.0,0.0,3.9,53.6,2024,1,23,1,23,4,0,0,0,0,5.800000000000001,22,0.49999999999999994,0.8660254037844387,0.7818314824680298,0.6234898018587336,0.38541335945432564,0.9227440286201427,-0.0,0.0,0.0,0.0,winter
2024-01-24,52637,-8.0,-11.2,-3.7,0.0,0.0,3.3,52.0,2024,1,24,2,24,4,0,0,0,0,7.499999999999999,23,0.49999999999999994,0.8660254037844387,0.9749279121818236,-0.22252093395631434,0.4012289854475009,0.9159777842484877,-0.0,0.0,0.0,0.0,winter
2024-01-25,64439,-5.3,-9.7,-0.5,0.0,0.0,2.1,47.8,2024,1,25,3,25,4,0,0,0,0,9.2,24,0.49999999999999994,0.8660254037844387,0.43388373911755823,-0.900968867902419,0.4169258813287287,0.908940487313808,-0.0,0.0,0.0,0.0,winter
2024-01-26,77438,-1.7,-6.9,4.0,0.0,0.0,1.9,62.5,2024,1,26,4,26,4,0,0,0,0,10.9,25,0.49999999999999994,0.8660254037844387,-0.433883739117558,-0.9009688679024191,0.4324994021339788,0.901634220265486,-0.0,0.0,0.0,0.0,winter
2024-01-27,59662,-0.5,-4.6,4.6,0.0,0.0,1.8,70.0,2024,1,27,5,27,4,1,0,0,0,9.2,26,0.49999999999999994,0.8660254037844387,-0.9749279121818236,-0.2225209339563146,0.44794493940789115,0.8940611451454876,-0.0,0.0,0.0,0.0,winter
2024-01-28,50029,-1.5,-5.0,3.8,0.0,0.0,1.9,62.3,2024,1,28,6,28,4,1,0,0,0,8.8,27,0.49999999999999994,0.8660254037844387,-0.7818314824680299,0.6234898018587334,0.4632579225674917,0.88622350294858,-0.0,0.0,0.0,0.0,winter
2024-01-29,81334,-0.4,-4.8,4.6,0.0,0.0,1.7,66.6,2024,1,29,0,29,5,0,0,0,0,9.399999999999999,28,0.49999999999999994,0.8660254037844387,0.0,1.0,0.4784338202547012,0.8781236129591848,-0.0,0.0,0.0,0.0,winter
2024-01-30,89385,1.4,-4.0,8.1,0.0,0.0,1.4,59.3,2024,1,30,1,30,5,0,0,0,0,12.1,29,0.49999999999999994,0.8660254037844387,0.7818314824680298,0.6234898018587336,0.49346814167723735,0.8697638720650646,0.0,0.0,0.0,0.0,winter
2024-01-31,95804,4.7,0.7,10.6,0.0,0.0,1.9,54.1,2024,1,31,2,31,5,0,0,1,0,9.9,30,0.49999999999999994,0.8660254037844387,0.9749279121818236,-0.22252093395631434,0.5083564379375122,0.8611467540480452,0.0,0.0,0.0,0.0,winter
2024-02-01,94236,2.4,-1.3,8.2,0.0,0.0,2.1,64.9,2024,2,1,3,32,5,0,1,0,0,9.5,31,0.8660254037844386,0.5000000000000001,0.43388373911755823,-0.900968867902419,0.5230943033491326,0.8522748088519838,0.0,0.0,0.0,0.0,winter
2024-02-02,97692,3.1,0.7,7.9,0.0,0.0,2.1,65.5,2024,2,2,4,33,5,0,0,0,0,7.2,32,0.8660254037844386,0.5000000000000001,-0.433883739117558,-0.9009688679024191,0.5376773767406141,0.8431506618282,0.0,0.0,0.0,0.0,winter
2024-02-03,69843,4.7,-0.2,8.3,1.83,0.0,2.2,63.9,2024,2,3,5,34,5,1,0,0,0,8.5,33,0.8660254037844386,0.5000000000000001,-0.9749279121818236,-0.2225209339563146,0.5521013427459208,0.8337770129585915,0.0,0.0,0.0,0.0,winter
2024-02-04,75398,7.3,3.7,12.2,0.0,0.0,1.8,60.9,2024,2,4,6,35,5,1,0,0,0,8.5,34,0.8660254037844386,0.5000000000000001,-0.7818314824680299,0.6234898018587334,0.5663619330814524,0.8241566360566663,0.0,0.0,0.0,0.0,winter
2024-02-05,29119,2.7,0.1,6.6,21.0,3.9,5.0,81.8,2024,2,5,0,36,6,0,0,0,1,6.5,35,0.8660254037844386,0.5000000000000001,0.0,1.0,0.580454927809098,0.8142923779467267,2.7,81.8,319.02,5.0,winter
2024-02-06,77983,1.2,0.0,2.9,7.83,0.2,2.2,83.5,2024,2,6,1,37,6,0,0,0,1,2.9,36,0.8660254037844386,0.5000000000000001,0.7818314824680298,0.6234898018587336,0.5943761565849831,0.804187157621448,1.2,83.5,16.7,2.2,winter
2024-02-07,86243,0.6,-0.9,2.7,3.25,0.0,2.1,76.6,2024,2,7,2,38,6,0,0,0,0,3.6,37,0.8660254037844386,0.5000000000000001,0.9749279121818236,-0.22252093395631434,0.6081214998935418,0.7938439653781019,0.0,0.0,0.0,0.0,winter
2024-02-08,90598,0.6,-3.0,6.2,0.0,0.0,1.6,66.9,2024,2,8,3,39,6,0,0,0,0,9.2,38,0.8660254037844386,0.5000000000000001,0.43388373911755823,-0.900968867902419,0.6216868902665479,0.7832658619336791,0.0,0.0,0.0,0.0,winter
2024-02-09,48388,1.1,-2.5,6.1,0.0,0.0,2.2,66.8,2024,2,9,4,40,6,0,0,0,0,8.6,39,0.8660254037844386,0.5000000000000001,-0.433883739117558,-0.9009688679024191,0.6350683134867438,0.7724559775191742,0.0,0.0,0.0,0.0,winter
2024-02-10,35426,1.7,-1.5,7.4,0.0,0.0,1.9,69.4,2024,2,10,5,41,6,1,0,0,0,8.9,40,0.8660254037844386,0.5000000000000001,-0.9749279121818236,-0.2225209339563146,0.6482618097757122,0.7614175109532997,0.0,0.0,0.0,0.0,winter
2024-02-11,44339,1.0,-3.1,5.5,1.5,0.0,2.2,70.6,2024,2,11,6,42,6,1,0,0,0,8.6,41,0.8660254037844386,0.5000000000000001,-0.7818314824680299,0.6234898018587334,0.6612634749656386,0.7501537286959042,0.0,0.0,0.0,0.0,winter
2024-02-12,67716,3.5,-2.9,10.5,0.0,0.0,1.8,62.8,2024,2,12,0,43,7,0,0,0,0,13.4,42,0.8660254037844386,0.5000000000000001,0.0,1.0,0.6740694616546161,0.7386679638813748,0.0,0.0,0.0,0.0,winter
2024-02-13,108884,8.2,2.0,13.7,0.0,0.0,2.5,70.6,2024,2,13,1,44,7,0,0,0,0,11.7,43,0.8660254037844386,0.5000000000000001,0.7818314824680298,0.6234898018587336,0.6866759803451553,0.726963615332308,0.0,0.0,0.0,0.0,winter
2024-02-14,127297,12.9,8.8,18.3,0.0,0.0,2.2,76.4,2024,2,14,2,45,7,0,0,0,0,9.5,44,0.8660254037844386,0.5000000000000001,0.9749279121818236,-0.22252093395631434,0.6990793005655562,0.7150441465537444,0.0,0.0,0.0,0.0,winter
2024-02-15,58115,4.5,0.6,11.6,13.33,10.9,2.9,89.9,2024,2,15,3,46,7,0,0,0,1,11.0,45,0.8660254037844386,0.5000000000000001,0.43388373911755823,-0.900968867902419,0.7112757519738152,0.7029130847082615,4.5,89.9,979.9100000000001,2.9,winter
2024-02-16,103469,2.3,-1.5,8.1,0.0,0.0,1.8,72.4,2024,2,16,4,47,7,0,0,0,0,9.6,46,0.8660254037844386,0.5000000000000001,-0.433883739117558,-0.9009688679024191,0.7232617254437388,0.6905740195722293,0.0,0.0,0.0,0.0,winter
2024-02-17,92575,4.4,-1.2,11.7,0.0,0.0,1.7,73.5,2024,2,17,5,48,7,1,0,0,0,12.899999999999999,47,0.8660254037844386,0.5000000000000001,-0.9749279121818236,-0.2225209339563146,0.7350336741329413,0.6780306024735382,0.0,0.0,0.0,0.0,winter
2024-02-18,40414,6.2,1.2,9.4,10.08,17.1,2.8,81.4,2024,2,18,6,49,7,1,0,0,1,8.200000000000001,48,0.8660254037844386,0.5000000000000001,-0.7818314824680299,0.6234898018587334,0.746588114532413,0.6652865452111116,6.2,81.4,1391.9400000000003,2.8,winter
2024-02-19,41446,9.1,4.2,11.9,19.5,8.9,2.3,95.8,2024,2,19,0,50,8,0,0,0,1,7.7,49,0.8660254037844386,0.5000000000000001,0.0,1.0,0.7579216274973472,0.6523456189565257,9.1,95.8,852.62,2.3,winter
2024-02-20,56697,4.3,2.8,6.8,10.08,2.6,3.4,86.3,2024,2,20,1,51,8,0,0,0,1,4.0,50,0.8660254037844386,0.5000000000000001,0.7818314824680298,0.6234898018587336,0.7690308592589181,0.6392116531380588,4.3,86.3,224.38,3.4,winter
2024-02-21,10076,1.9,0.0,4.0,24.0,17.8,5.2,92.5,2024,2,21,2,52,8,0,0,0,1,4.0,51,0.8660254037844386,0.5000000000000001,0.9749279121818236,-0.22252093395631434,0.7799125224167177,0.6258885343075018,1.9,92.5,1646.5,5.2,winter
2024-02-22,30867,0.2,-1.1,1.6,17.17,8.8,4.2,84.5,2024,2,22,3,53,8,0,0,0,1,2.7,52,0.8660254037844386,0.5000000000000001,0.43388373911755823,-0.900968867902419,0.7905633969115482,0.612380204990065,0.2,84.5,743.6,4.2,winter
2024-02-23,78765,1.8,-1.0,6.1,3.83,0.4,3.5,68.8,2024,2,23,4,54,8,0,0,0,1,7.1,53,0.8660254037844386,0.5000000000000001,-0.433883739117558,-0.9009688679024191,0.8009803309782905,0.5986906625177214,1.8,68.8,27.52,3.5,winter
2024-02-24,57788,2.0,-1.3,5.9,6.75,2.3,2.9,68.6,2024,2,24,5,55,8,1,0,0,1,7.2,54,0.8660254037844386,0.5000000000000001,-0.9749279121818236,-0.2225209339563146,0.8111602420785621,0.5848239578463322,2.0,68.6,157.77999999999997,2.9,winter
2024-02-25,51440,2.8,0.8,5.9,10.42,1.8,2.0,80.8,2024,2,25,6,56,8,1,0,0,1,5.1000000000000005,55,0.8660254037844386,0.5000000000000001,-0.7818314824680299,0.6234898018587334,0.8211001178128892,0.5707841943569036,2.8,80.8,145.44,2.0,winter
2024-02-26,101612,3.8,-1.2,9.7,0.0,0.0,1.9,65.3,2024,2,26,0,57,9,0,0,0,0,10.899999999999999,56,0.8660254037844386,0.5000000000000001,0.0,1.0,0.8307970168121247,0.5565755266413303,0.0,0.0,0.0,0.0,winter
2024-02-27,107453,5.3,1.2,9.8,0.0,0.0,3.0,52.0,2024,2,27,1,58,9,0,0,0,0,8.600000000000001,57,0.8660254037844386,0.5000000000000001,0.7818314824680298,0.6234898018587336,0.8402480696078469,0.5422021592729844,0.0,0.0,0.0,0.0,winter
2024-02-28,112216,6.4,3.2,10.1,0.0,0.0,2.1,59.5,2024,2,28,2,59,9,0,0,0,0,6.8999999999999995,58,0.8660254037844386,0.5000000000000001,0.9749279121818236,-0.22252093395631434,0.8494504794814806,0.527668345562516,0.0,0.0,0.0,0.0,winter
2024-02-29,105034,4.8,0.3,9.6,0.0,0.0,2.2,63.6,2024,2,29,3,60,9,0,0,1,0,9.299999999999999,59,0.8660254037844386,0.5000000000000001,0.43388373911755823,-0.900968867902419,0.8584015232918917,0.512978386299228,0.0,0.0,0.0,0.0,winter
2024-03-01,46525,-4.1,-7.1,0.3,0.0,0.0,4.4,38.9,2024,3,1,4,61,9,0,1,0,0,7.3999999999999995,60,1.0,6.123233995736766e-17,-0.433883739117558,-0.9009688679024191,0.8670985522812081,0.4981366284784055,-0.0,0.0,0.0,0.0,spring
2024-03-02,56406,-0.5,-8.1,4.1,2.0,0.0,3.2,60.4,2024,3,2,5,62,9,1,0,0,0,12.2,61,1.0,6.123233995736766e-17,-0.9749279121818236,-0.2225209339563146,0.8755389928586302,0.4831474640149687,-0.0,0.0,0.0,0.0,spring
2024-03-03,67584,4.0,0.4,7.8,0.0,0.0,2.9,71.5,2024,3,3,6,63,9,1,0,0,0,7.3999999999999995,62,1.0,6.123233995736766e-17,-0.7818314824680299,0.6234898018587334,0.8837203473619977,0.4680153284438345,0.0,0.0,0.0,0.0,spring
2024-03-04,111299,5.4,-1.8,11.7,0.0,0.0,1.6,45.5,2024,3,4,0,64,10,0,0,0,0,13.5,63,1.0,6.123233995736766e-17,0.0,1.0,0.8916401947968874,0.45274469960737107,0.0,0.0,0.0,0.0,spring
2024-03-05,113837,8.0,5.5,11.0,0.0,0.0,2.9,45.1,2024,3,5,1,65,10,0,0,0,0,5.5,64,1.0,6.123233995736766e-17,0.7818314824680298,0.6234898018587336,0.8992961915530253,0.4373400963303323,0.0,0.0,0.0,0.0,spring
2024-03-06,120077,6.2,2.5,10.3,0.0,0.0,2.8,58.8,2024,3,6,2,66,10,0,0,0,0,7.800000000000001,65,1.0,6.123233995736766e-17,0.9749279121818236,-0.22252093395631434,0.9066860720977985,0.4218060770826634,0.0,0.0,0.0,0.0,spring
2024-03-07,100894,3.9,1.2,8.2,3.83,2.1,3.0,62.4,2024,3,7,3,67,10,0,0,0,1,6.999999999999999,66,1.0,6.123233995736766e-17,0.43388373911755823,-0.900968867902419,0.9138076496466615,0.4061472386305789,3.9,62.4,131.04,3.0,spring
2024-03-08,102487,2.1,-0.7,6.5,0.0,0.0,3.4,50.6,2024,3,8,4,68,10,0,0,0,0,7.2,67,1.0,6.123233995736766e-17,-0.433883739117558,-0.9009688679024191,0.9206588168102428,0.3903682146763026,0.0,0.0,0.0,0.0,spring
2024-03-09,80520,2.0,-2.1,7.1,0.0,0.0,2.7,50.8,2024,3,9,5,69,10,1,0,0,0,9.2,68,1.0,6.123233995736766e-17,-0.9749279121818236,-0.2225209339563146,0.9272375462179537,0.374473674486883,0.0,0.0,0.0,0.0,spring
2024-03-10,83820,4.2,-1.8,10.6,0.0,0.0,2.1,54.0,2024,3,10,6,70,10,1,0,0,0,12.4,69,1.0,6.123233995736766e-17,-0.7818314824680299,0.6234898018587334,0.9335418911179212,0.35846832151248087,0.0,0.0,0.0,0.0,spring
2024-03-11,117935,6.2,2.0,10.8,0.0,0.0,2.3000000000000003,62.3,2024,3,11,0,71,11,0,0,0,0,8.8,70,1.0,6.123233995736766e-17,0.0,1.0,0.9395699859530622,0.342356891994542,0.0,0.0,0.0,0.0,spring
2024-03-12,82157,6.6,4.4,10.0,5.88,2.1,2.5,78.0,2024,3,12,1,72,11,0,0,0,1,5.6,71,1.0,6.123233995736766e-17,0.7818314824680298,0.6234898018587336,0.945320046913132,0.3261441535642696,6.6,78.0,163.8,2.5,spring
2024-03-13,124399,6.5,1.3,12.0,0.0,0.0,2.7,57.6,2024,3,13,2,73,11,0,0,0,0,10.7,72,1.0,6.123233995736766e-17,0.9749279121818236,-0.22252093395631434,0.9507903724625832,0.3098349038318025,0.0,0.0,0.0,0.0,spring
2024-03-14,130647,8.5,3.4,15.4,0.0,0.0,2.5,58.3,2024,3,14,3,74,11,0,0,0,0,12.0,73,1.0,6.123233995736766e-17,0.43388373911755823,-0.900968867902419,0.9559793438440766,0.2934339689665273,0.0,0.0,0.0,0.0,spring
2024-03-15,134727,8.9,4.0,14.5,0.0,0.0,2.3,68.5,2024,3,15,4,75,11,0,0,0,0,10.5,74,1.0,6.123233995736766e-17,-0.433883739117558,-0.9009688679024191,0.9608854255574977,0.27694620226893646,0.0,0.0,0.0,0.0,spring
2024-03-16,122311,10.9,4.4,18.3,0.0,0.0,2.1,54.5,2024,3,16,5,76,11,1,0,0,0,13.9,75,1.0,6.123233995736766e-17,-0.9749279121818236,-0.2225209339563146,0.9655071658143364,0.2603764827344581,0.0,0.0,0.0,0.0,spring
2024-03-17,90798,8.8,5.4,12.2,0.75,0.1,3.7,48.0,2024,3,17,6,77,11,1,0,0,1,6.799999999999999,76,1.0,6.123233995736766e-17,-0.7818314824680299,0.6234898018587334,0.969843196967294,0.24372971360968387,8.8,48.0,4.800000000000001,3.7,spring
2024-03-18,127068,7.1,1.4,13.2,0.0,0.0,2.4,28.6,2024,3,18,0,78,12,0,0,0,0,11.799999999999999,77,1.0,6.123233995736766e-17,0.0,1.0,0.9738922359149924,0.22701082094141847,0.0,0.0,0.0,0.0,spring
2024-03-19,105665,6.7,3.9,9.8,1.5,0.2,3.7,60.8,2024,3,19,1,79,12,0,0,0,1,5.9,78,1.0,6.123233995736766e-17,0.7818314824680298,0.6234898018587336,0.9776530844816641,0.2102247521189836,6.7,60.8,12.16,3.7,spring
2024-03-20,115264,4.4,1.2,8.7,0.0,0.0,3.4,46.5,2024,3,20,2,80,12,0,0,0,0,7.499999999999999,79,1.0,6.123233995736766e-17,0.9749279121818236,-0.22252093395631434,0.981124629771712,0.19337647441020586,0.0,0.0,0.0,0.0,spring
2024-03-21,125493,5.0,-1.2,11.5,0.0,0.0,2.0,46.5,2024,3,21,3,81,12,0,0,0,0,12.7,80,1.0,6.123233995736766e-17,0.43388373911755823,-0.900968867902419,0.984305844499033,0.17647097349152166,0.0,0.0,0.0,0.0,spring
2024-03-22,83840,10.4,3.8,15.2,7.25,5.4,3.4,57.0,2024,3,22,4,82,12,0,0,0,1,11.399999999999999,81,1.0,6.123233995736766e-17,-0.433883739117558,-0.9009688679024191,0.9871957872910085,0.15951325197263655,10.4,57.0,307.8,3.4,spring
2024-03-23,128626,13.0,9.3,18.2,2.75,0.1,2.3,66.0,2024,3,23,5,83,12,1,0,0,1,8.899999999999999,82,1.0,6.123233995736766e-17,-0.9749279121818236,-0.2225209339563146,0.9897936029670716,0.14250832791617088,13.0,66.0,6.6000000000000005,2.3,spring
2024-03-24,147852,16.2,10.5,23.4,0.0,0.0,2.4,42.5,2024,3,24,6,84,12,1,0,0,0,12.899999999999999,83,1.0,6.123233995736766e-17,-0.7818314824680299,0.6234898018587334,0.992098522791769,0.12546123335273648,0.0,0.0,0.0,0.0,spring
2024-03-25,60341,10.6,6.7,14.5,11.08,5.1,4.0,63.0,2024,3,25,0,85,13,0,0,0,1,7.8,84,1.0,6.123233995736766e-17,0.0,1.0,0.9941098647022418,0.10837701279187609,10.6,63.0,321.29999999999995,4.0,spring
2024-03-26,90522,7.4,3.2,12.4,10.42,11.5,2.6,77.3,2024,3,26,1,86,13,0,0,0,1,9.2,85,1.0,6.123233995736766e-17,0.7818314824680298,0.6234898018587336,0.9958270335100595,0.09126072172931188,7.4,77.3,888.9499999999999,2.6,spring
2024-03-27,145906,10.4,4.4,16.2,0.0,0.0,2.0,68.4,2024,3,27,2,87,13,0,0,0,0,11.799999999999999,86,1.0,6.123233995736766e-17,0.9749279121818236,-0.22252093395631434,0.9972495210773451,0.07411742515094437,0.0,0.0,0.0,0.0,spring
2024-03-28,91081,10.3,7.8,12.2,10.83,1.9,1.8,81.8,2024,3,28,3,88,13,0,0,0,1,4.3999999999999995,87,1.0,6.123233995736766e-17,0.43388373911755823,-0.900968867902419,0.998376906467142,0.056952196034039754,10.3,81.8,155.42,1.8,spring
2024-03-29,95119,7.6,5.0,12.3,4.75,1.4,2.8,73.0,2024,3,29,4,89,13,0,0,0,1,7.300000000000001,88,1.0,6.123233995736766e-17,-0.433883739117558,-0.9009688679024191,0.9992088560679753,0.03977011384605572,7.6,73.0,102.19999999999999,2.8,spring
2024-03-30,115805,8.8,3.0,15.6,0.0,0.0,2.4,56.5,2024,3,30,5,90,13,1,0,0,0,12.6,89,1.0,6.123233995736766e-17,-0.9749279121818236,-0.2225209339563146,0.9997451236925734,0.022576263041545485,0.0,0.0,0.0,0.0,spring
2024-03-31,131051,10.6,3.4,17.7,0.0,0.0,1.9,39.9,2024,3,31,6,91,13,1,0,1,0,14.299999999999999,90,1.0,6.123233995736766e-17,-0.7818314824680299,0.6234898018587334,0.9999855506507186,0.005375731557583884,0.0,0.0,0.0,0.0,spring
2024-04-01,154789,12.2,5.5,19.0,0.0,0.0,1.8,32.0,2024,4,1,0,92,14,0,1,0,0,13.5,91,0.8660254037844387,-0.4999999999999998,0.0,1.0,0.9999300657962057,-0.011826390691832589,0.0,0.0,0.0,0.0,spring
2024-04-02,173218,15.4,7.0,23.9,0.0,0.0,2.0,37.5,2024,4,2,1,93,14,0,0,0,0,16.9,92,0.8660254037844387,-0.4999999999999998,0.7818314824680298,0.6234898018587336,0.9995786855478958,-0.029025013321975237,0.0,0.0,0.0,0.0,spring
2024-04-03,157061,16.6,13.9,19.7,0.25,0.0,1.8,55.9,2024,4,3,2,94,14,0,0,0,0,5.799999999999999,93,0.8660254037844387,-0.4999999999999998,0.9749279121818236,-0.22252093395631434,0.9989315138848577,-0.046215046983708354,0.0,0.0,0.0,0.0,spring
2024-04-04,174305,15.5,12.4,20.3,0.0,0.0,2.9,52.1,2024,4,4,3,95,14,0,0,0,0,7.9,94,0.8660254037844387,-0.4999999999999998,0.43388373911755823,-0.900968867902419,0.9979887423155984,-0.06339140486951038,0.0,0.0,0.0,0.0,spring
2024-04-05,181191,14.0,10.2,18.8,0.0,0.0,2.5,51.3,2024,4,5,4,96,14,0,0,0,0,8.600000000000001,95,0.8660254037844387,-0.4999999999999998,-0.433883739117558,-0.9009688679024191,0.9967506498213929,-0.08054900421874167,0.0,0.0,0.0,0.0,spring
2024-04-06,166152,12.7,8.0,18.9,0.0,0.0,1.9,48.6,2024,4,6,5,97,14,1,0,0,0,10.899999999999999,96,0.8660254037844387,-0.4999999999999998,-0.9749279121818236,-0.2225209339563146,0.9952176027737294,-0.09768276782171598,0.0,0.0,0.0,0.0,spring
2024-04-07,160750,14.8,7.7,23.4,0.0,0.0,2.0,33.4,2024,4,7,6,98,14,1,0,0,0,15.7,97,0.8660254037844387,-0.4999999999999998,-0.7818314824680299,0.6234898018587334,0.9933900548258936,-0.11478762552212701,0.0,0.0,0.0,0.0,spring
2024-04-08,171080,16.2,11.0,22.8,0.0,0.0,2.1,46.5,2024,4,8,0,99,15,0,0,0,0,11.8,98,0.8660254037844387,-0.4999999999999998,0.0,1.0,0.9912685467787256,-0.13185851571739118,0.0,0.0,0.0,0.0,spring
2024-04-09,180514,15.3,10.6,20.8,0.0,0.0,3.5,32.4,2024,4,9,1,100,15,0,0,0,0,10.200000000000001,99,0.8660254037844387,-0.4999999999999998,0.7818314824680298,0.6234898018587336,0.9888537064205885,-0.1488903868564548,0.0,0.0,0.0,0.0,spring
2024-04-10,158335,13.8,10.2,18.5,0.0,0.0,2.6,62.6,2024,4,10,2,101,15,0,0,0,0,8.3,100,0.8660254037844387,-0.4999999999999998,0.9749279121818236,-0.22252093395631434,0.986146248341595,-0.16587819893463143,0.0,0.0,0.0,0.0,spring
2024-04-11,163933,15.5,11.7,21.1,0.83,0.0,1.8,61.0,2024,4,11,3,102,15,0,0,0,0,9.400000000000002,101,0.8660254037844387,-0.4999999999999998,0.43388373911755823,-0.900968867902419,0.9831469737221499,-0.1828169249850199,0.0,0.0,0.0,0.0,spring
2024-04-12,184146,17.2,12.0,24.2,0.0,0.0,2.1,59.6,2024,4,12,4,103,15,0,0,0,0,12.2,102,0.8660254037844387,-0.4999999999999998,-0.433883739117558,-0.9009688679024191,0.9798567700958665,-0.1997015525660636,0.0,0.0,0.0,0.0,spring
2024-04-13,168619,19.1,11.2,27.3,0.0,0.0,1.9,52.4,2024,4,13,5,104,15,1,0,0,0,16.1,103,0.8660254037844387,-0.4999999999999998,-0.9749279121818236,-0.2225209339563146,0.9762766110869321,-0.21652708524481437,0.0,0.0,0.0,0.0,spring
2024-04-14,152896,20.8,13.6,29.4,0.0,0.0,1.9,47.1,2024,4,14,6,105,15,1,0,0,0,15.799999999999999,104,0.8660254037844387,-0.4999999999999998,-0.7818314824680299,0.6234898018587334,0.9724075561219968,-0.23328854407545518,0.0,0.0,0.0,0.0,spring
2024-04-15,64522,16.0,11.7,20.0,12.17,17.1,2.5,77.4,2024,4,15,0,106,16,0,0,0,1,8.3,105,0.8660254037844387,-0.4999999999999998,0.0,1.0,0.9682507501166718,-0.2499809690726521,16.0,77.4,1323.5400000000002,2.5,spring
2024-04-16,126106,13.3,11.5,17.9,6.08,2.3,2.5,82.6,2024,4,16,1,107,16,0,0,0,1,6.399999999999999,106,0.8660254037844387,-0.4999999999999998,0.7818314824680298,0.6234898018587336,0.9638074231367307,-0.26659942067929354,13.3,82.6,189.97999999999996,2.5,spring
2024-04-17,168806,15.0,9.7,21.8,0.0,0.0,2.2,65.3,2024,4,17,2,108,16,0,0,0,0,12.100000000000001,107,0.8660254037844387,-0.4999999999999998,0.9749279121818236,-0.22252093395631434,0.9590788900341131,-0.28313898122818354,0.0,0.0,0.0,0.0,spring
2024-04-18,175744,17.3,10.7,24.9,0.0,0.0,2.2,53.3,2024,4,18,3,109,16,0,0,0,0,14.2,108,0.8660254037844387,-0.4999999999999998,0.43388373911755823,-0.900968867902419,0.9540665500578387,-0.2995947563972602,0.0,0.0,0.0,0.0,spring
2024-04-19,181793,17.6,11.5,24.3,0.0,0.0,2.1,51.8,2024,4,19,4,110,16,0,0,0,0,12.8,109,0.8660254037844387,-0.4999999999999998,-0.433883739117558,-0.9009688679024191,0.9487718864399473,-0.31596187665790293,0.0,0.0,0.0,0.0,spring
2024-04-20,42622,14.9,13.0,17.2,14.0,4.8,3.0,77.3,2024,4,20,5,111,16,1,0,0,1,4.199999999999999,110,0.8660254037844387,-0.4999999999999998,-0.9749279121818236,-0.2225209339563146,0.9431964659565866,-0.33223549871590435,14.9,77.3,371.03999999999996,3.0,spring
2024-04-21,134318,17.2,13.3,21.7,0.0,0.0,3.8,65.5,2024,4,21,6,112,16,1,0,0,0,8.399999999999999,111,0.8660254037844387,-0.4999999999999998,-0.7818314824680299,0.6234898018587334,0.9373419384643772,-0.3484108069446808,0.0,0.0,0.0,0.0,spring
2024-04-22,182361,18.8,15.0,24.1,0.0,0.0,3.1,49.4,2024,4,22,0,113,17,0,0,0,0,9.100000000000001,112,0.8660254037844387,-0.4999999999999998,0.0,1.0,0.9312100364121947,-0.3644830148102912,0.0,0.0,0.0,0.0,spring
2024-04-23,156313,17.3,13.2,24.2,3.33,0.0,3.6,55.0,2024,4,23,1,114,17,0,0,0,0,11.0,113,0.8660254037844387,-0.4999999999999998,0.7818314824680298,0.6234898018587336,0.9248025743285089,-0.38044736628785164,0.0,0.0,0.0,0.0,spring
2024-04-24,112963,13.2,11.0,16.5,7.0,9.0,3.0,80.1,2024,4,24,2,115,17,0,0,0,1,5.5,114,0.8660254037844387,-0.4999999999999998,0.9749279121818236,-0.22252093395631434,0.9181214482844364,-0.39629913726891813,13.2,80.1,720.9,3.0,spring
2024-04-25,176024,14.4,10.3,20.8,0.0,0.0,1.9,75.6,2024,4,25,3,116,17,0,0,0,0,10.5,115,0.8660254037844387,-0.4999999999999998,0.43388373911755823,-0.900968867902419,0.9111686353326631,-0.41203363695942635,0.0,0.0,0.0,0.0,spring
2024-04-26,186288,17.8,11.4,26.0,0.0,0.0,1.9,61.1,2024,4,26,4,117,17,0,0,0,0,14.6,116,0.8660254037844387,-0.4999999999999998,-0.433883739117558,-0.9009688679024191,0.9039461929224011,-0.42764620926777464,0.0,0.0,0.0,0.0,spring
2024-04-27,167428,18.2,11.5,26.2,0.0,0.0,1.9,56.4,2024,4,27,5,118,17,1,0,0,0,14.7,117,0.8660254037844387,-0.4999999999999998,-0.9749279121818236,-0.2225209339563146,0.8964562582905575,-0.44313223418263453,0.0,0.0,0.0,0.0,spring
2024-04-28,153389,20.7,13.0,28.9,0.0,0.0,1.6,53.5,2024,4,28,6,119,17,1,0,0,0,15.899999999999999,118,0.8660254037844387,-0.4999999999999998,-0.7818314824680299,0.6234898018587334,0.8887010478292915,-0.45848712914008766,0.0,0.0,0.0,0.0,spring
2024-04-29,185981,20.9,16.9,26.1,0.0,0.0,3.0,48.0,2024,4,29,0,120,18,0,0,0,0,9.200000000000003,119,0.8660254037844387,-0.4999999999999998,0.0,1.0,0.8806828564301475,-0.47370635037968,0.0,0.0,0.0,0.0,spring
2024-04-30,188661,18.6,16.0,22.5,0.0,0.0,2.2,62.5,2024,4,30,1,121,18,0,0,1,0,6.5,120,0.8660254037844387,-0.4999999999999998,0.7818314824680298,0.6234898018587336,0.8724040568049612,-0.48878539428899265,0.0,0.0,0.0,0.0,spring
2024-05-01,187713,18.5,13.9,24.0,0.0,0.0,2.4,46.0,2024,5,1,2,122,18,0,1,0,0,10.1,121,0.49999999999999994,-0.8660254037844387,0.9749279121818236,-0.22252093395631434,0.8638670987837349,-0.503719798736334,0.0,0.0,0.0,0.0,spring
2024-05-02,192006,18.1,12.4,23.7,0.0,0.0,2.4,48.4,2024,5,2,3,123,18,0,0,0,0,11.299999999999999,122,0.49999999999999994,-0.8660254037844387,0.43388373911755823,-0.900968867902419,0.8550745085896932,-0.518505144391157,0.0,0.0,0.0,0.0,spring
2024-05-03,196468,19.7,12.2,27.9,0.0,0.0,1.9,46.9,2024,5,3,4,124,18,0,0,0,0,15.7,123,0.49999999999999994,-0.8660254037844387,-0.433883739117558,-0.9009688679024191,0.8460288880917339,-0.533137056031809,0.0,0.0,0.0,0.0,spring
2024-05-04,162236,21.4,14.6,28.5,0.17,0.0,1.9,44.8,2024,5,4,5,125,18,1,0,0,0,13.9,124,0.49999999999999994,-0.8660254037844387,-0.9749279121818236,-0.2225209339563146,0.8367329140344921,-0.5476112038402312,0.0,0.0,0.0,0.0,spring
2024-05-05,14803,17.8,15.7,20.6,20.08,48.3,2.5,87.4,2024,5,5,6,126,18,1,0,0,1,4.900000000000002,125,0.49999999999999994,-0.8660254037844387,-0.7818314824680299,0.6234898018587334,0.8271893372462497,-0.5619233046832195,17.8,87.4,4221.42,2.5,spring
2024-05-06,26706,13.9,13.4,15.7,20.17,12.3,3.1,92.9,2024,5,6,0,127,19,0,0,0,1,2.299999999999999,126,0.49999999999999994,-0.8660254037844387,0.0,1.0,0.8174009818249189,-0.5760691233798758,13.9,92.9,1142.67,3.1,spring
2024-05-07,76008,13.3,12.2,15.0,16.17,2.4,3.0,77.3,2024,5,7,1,128,19,0,0,0,1,2.8000000000000007,127,0.49999999999999994,-0.8660254037844387,0.7818314824680298,0.6234898018587336,0.8073707443023492,-0.5900444739548627,13.3,77.3,185.51999999999998,3.0,spring
2024-05-08,183181,14.7,9.0,21.4,0.0,0.0,2.3,58.8,2024,5,8,2,129,19,0,0,0,0,12.399999999999999,128,0.49999999999999994,-0.8660254037844387,0.9749279121818236,-0.22252093395631434,0.7971015927871943,-0.6038452208771035,0.0,0.0,0.0,0.0,spring
2024-05-09,184125,16.1,10.9,21.8,0.0,0.0,2.9,63.6,2024,5,9,3,130,19,0,0,0,0,10.9,129,0.49999999999999994,-0.8660254037844387,0.43388373911755823,-0.900968867902419,0.7865965660866021,-0.6174672802835514,0.0,0.0,0.0,0.0,spring
2024-05-10,195243,17.9,12.5,23.8,0.0,0.0,2.6,55.6,2024,5,10,4,131,19,0,0,0,0,11.3,130,0.49999999999999994,-0.8660254037844387,-0.433883739117558,-0.9009688679024191,0.7758587728069828,-0.6309066211876704,0.0,0.0,0.0,0.0,spring
2024-05-11,64192,17.0,14.0,22.0,9.0,31.7,3.5,80.0,2024,5,11,5,132,19,1,0,0,1,8.0,131,0.49999999999999994,-0.8660254037844387,-0.9749279121818236,-0.2225209339563146,0.7648913904341225,-0.6441592666722685,17.0,80.0,2536.0,3.5,spring
2024-05-12,153309,16.6,11.9,21.6,0.0,0.0,2.7,65.0,2024,5,12,6,133,19,1,0,0,0,9.700000000000001,132,0.49999999999999994,-0.8660254037844387,-0.7818314824680299,0.6234898018587334,0.753697664392914,-0.6572212950663319,0.0,0.0,0.0,0.0,spring
2024-05-13,188906,18.3,11.9,24.5,0.0,0.0,2.3,51.9,2024,5,13,0,134,20,0,0,0,0,12.6,133,0.49999999999999994,-0.8660254037844387,0.0,1.0,0.742280907086982,-0.6700888411055113,0.0,0.0,0.0,0.0,spring
2024-05-14,198430,18.8,12.7,24.7,0.0,0.0,2.4,43.3,2024,5,14,1,135,20,0,0,0,0,12.0,134,0.49999999999999994,-0.8660254037844387,0.7818314824680298,0.6234898018587336,0.7306444969184916,-0.6827580970759147,0.0,0.0,0.0,0.0,spring
2024-05-15,56366,12.6,7.2,18.8,10.5,20.6,2.7,74.3,2024,5,15,2,136,20,0,0,0,1,11.600000000000001,135,0.49999999999999994,-0.8660254037844387,0.9749279121818236,-0.22252093395631434,0.7187918772884232,-0.6952253139408722,12.6,74.3,1530.5800000000002,2.7,spring
2024-05-16,177689,13.7,6.9,19.8,1.75,0.1,3.1,61.3,2024,5,16,3,137,20,0,0,0,1,12.9,136,0.49999999999999994,-0.8660254037844387,0.43388373911755823,-0.900968867902419,0.7067265555776158,-0.7074868024503348,13.7,61.3,6.13,3.1,spring
2024-05-17,196964,18.3,10.8,24.9,0.0,0.0,2.2,63.6,2024,5,17,4,138,20,0,0,0,0,14.099999999999998,137,0.49999999999999994,-0.8660254037844387,-0.433883739117558,-0.9009688679024191,0.6944521021088763,-0.719538934232584,0.0,0.0,0.0,0.0,spring
2024-05-18,176165,20.7,16.0,26.5,0.0,0.0,2.0,65.3,2024,5,18,5,139,20,1,0,0,0,10.5,138,0.49999999999999994,-0.8660254037844387,-0.9749279121818236,-0.2225209339563146,0.6819721490904629,-0.7313781428679254,0.0,0.0,0.0,0.0,spring
2024-05-19,157798,21.5,15.9,27.9,0.0,0.0,1.9,63.1,2024,5,19,6,140,20,1,0,0,0,11.999999999999998,139,0.49999999999999994,-0.8660254037844387,-0.7818314824680299,0.6234898018587334,0.6692903895412567,-0.7430009249440493,0.0,0.0,0.0,0.0,spring
2024-05-20,184025,19.4,16.8,22.8,0.0,0.0,2.3,75.0,2024,5,20,0,141,21,0,0,0,0,6.0,140,0.49999999999999994,-0.8660254037844387,0.0,1.0,0.6564105761979381,-0.7544038410927472,0.0,0.0,0.0,0.0,spring
2024-05-21,192131,21.7,16.3,28.3,0.0,0.0,1.9,68.1,2024,5,21,1,142,21,0,0,0,0,12.0,141,0.49999999999999994,-0.8660254037844387,0.7818314824680298,0.6234898018587336,0.6433365204044917,-0.765583517007675,0.0,0.0,0.0,0.0,spring
2024-05-22,192485,20.5,16.4,25.5,0.0,0.0,2.3,68.9,2024,5,22,2,143,21,0,0,0,0,9.100000000000001,142,0.49999999999999994,-0.8660254037844387,0.9749279121818236,-0.22252093395631434,0.6300720909843687,-0.7765366444428655,0.0,0.0,0.0,0.0,spring
2024-05-23,191482,20.2,15.8,26.4,0.0,0.0,2.5,67.9,2024,5,23,3,144,21,0,0,0,0,10.599999999999998,143,0.49999999999999994,-0.8660254037844387,0.43388373911755823,-0.900968867902419,0.6166212130956382,-0.7872599821916922,0.0,0.0,0.0,0.0,spring
2024-05-24,195660,20.1,15.7,24.7,0.0,0.0,2.1,75.1,2024,5,24,4,145,21,0,0,0,0,9.0,144,0.49999999999999994,-0.8660254037844387,-0.433883739117558,-0.9009688679024191,0.6029878670694714,-0.7977503570459932,0.0,0.0,0.0,0.0,spring
2024-05-25,173276,21.4,18.7,24.7,0.0,0.0,1.8,62.8,2024,5,25,5,146,21,1,0,0,0,6.0,145,0.49999999999999994,-0.8660254037844387,-0.9749279121818236,-0.2225209339563146,0.5891760872322963,-0.8080046647350754,0.0,0.0,0.0,0.0,spring
2024-05-26,64870,19.9,17.0,23.7,8.33,8.7,2.7,74.3,2024,5,26,6,147,21,1,0,0,1,6.699999999999999,146,0.49999999999999994,-0.8660254037844387,-0.7818314824680299,0.6234898018587334,0.5751899607119775,-0.8180198708443174,19.9,74.3,646.41,2.7,spring
2024-05-27,185189,18.5,14.1,22.6,0.0,0.0,3.3,63.4,2024,5,27,0,148,22,0,0,0,0,8.500000000000002,147,0.49999999999999994,-0.8660254037844387,0.0,1.0,0.5610336262283677,-0.8277930117131022,0.0,0.0,0.0,0.0,spring
2024-05-28,199434,20.4,14.3,26.1,0.0,0.0,2.5,54.8,2024,5,28,1,149,22,0,0,0,0,11.8,148,0.49999999999999994,-0.8660254037844387,0.7818314824680298,0.6234898018587336,0.5467112728685939,-0.8373211953118121,0.0,0.0,0.0,0.0,spring
2024-05-29,195623,21.2,15.4,26.8,0.0,0.0,2.1,51.6,2024,5,29,2,150,22,0,0,0,0,11.4,149,0.49999999999999994,-0.8660254037844387,0.9749279121818236,-0.22252093395631434,0.5322271388474397,-0.8466016020976267,0.0,0.0,0.0,0.0,spring
2024-05-30,193041,20.7,16.2,24.6,0.0,0.0,1.6,49.1,2024,5,30,3,151,22,0,0,0,0,8.400000000000002,150,0.49999999999999994,-0.8660254037844387,0.43388373911755823,-0.900968867902419,0.5175855102531889,-0.8556314858488706,0.0,0.0,0.0,0.0,spring
2024-05-31,192306,20.4,16.9,25.4,1.75,1.0,2.6,60.0,2024,5,31,4,152,22,0,0,1,1,8.5,151,0.49999999999999994,-0.8660254037844387,-0.433883739117558,-0.9009688679024191,0.5027907197793043,-0.8644081744776648,20.4,60.0,60.0,2.6,spring
2024-06-01,173591,20.7,17.5,25.2,0.67,0.0,2.8,61.3,2024,6,1,5,153,22,1,1,0,0,7.699999999999999,152,1.2246467991473532e-16,-1.0,-0.9749279121818236,-0.2225209339563146,0.4878471454423119,-0.8729290708206411,0.0,0.0,0.0,0.0,summer
2024-06-02,159697,20.4,15.7,25.8,0.0,0.0,2.7,51.9,2024,6,2,6,154,22,1,0,0,0,10.100000000000001,153,1.2246467991473532e-16,-1.0,-0.7818314824680299,0.6234898018587334,0.47275920928627757,-0.881191653407483,0.0,0.0,0.0,0.0,summer
2024-06-03,193053,22.2,15.7,28.7,0.0,0.0,2.4,47.4,2024,6,3,0,155,23,0,0,0,0,13.0,154,1.2246467991473532e-16,-1.0,0.0,1.0,0.4575313760742512,-0.8891934772070711,0.0,0.0,0.0,0.0,summer
2024-06-04,199666,22.8,16.3,29.3,0.0,0.0,2.4,42.1,2024,6,4,1,156,23,0,0,0,0,13.0,155,1.2246467991473532e-16,-1.0,0.7818314824680298,0.6234898018587336,0.44216815196707204,-0.8969321743510065,0.0,0.0,0.0,0.0,summer
2024-06-05,198583,23.6,18.1,30.1,0.0,0.0,1.9,53.9,2024,6,5,2,157,23,0,0,0,0,12.0,156,1.2246467991473532e-16,-1.0,0.9749279121818236,-0.22252093395631434,0.42667408318992467,-0.9044054548343001,0.0,0.0,0.0,0.0,summer
2024-06-06,155017,24.1,19.3,31.4,0.0,0.0,2.0,54.3,2024,6,6,3,158,23,0,0,0,0,12.099999999999998,157,1.2246467991473532e-16,-1.0,0.43388373911755823,-0.900968867902419,0.4110537546870351,-0.9116111071930239,0.0,0.0,0.0,0.0,summer
2024-06-07,181310,23.1,18.3,28.0,4.17,0.8,1.9,54.3,2024,6,7,4,159,23,0,0,0,1,9.7,158,1.2246467991473532e-16,-1.0,-0.433883739117558,-0.9009688679024191,0.3953117887649151,-0.9185469991587165,23.1,54.3,43.44,1.9,summer
2024-06-08,112297,20.3,17.9,25.0,11.5,16.9,1.6,79.5,2024,6,8,5,160,23,1,0,0,1,7.100000000000001,159,1.2246467991473532e-16,-1.0,-0.9749279121818236,-0.2225209339563146,0.37945284372454435,-0.925211078289358,20.3,79.5,1343.55,1.6,summer
2024-06-09,149146,22.9,17.4,28.8,0.0,0.0,1.8,68.9,2024,6,9,6,161,23,1,0,0,0,11.400000000000002,160,1.2246467991473532e-16,-1.0,-0.7818314824680299,0.6234898018587334,0.36348161248290634,-0.9316013725767187,0.0,0.0,0.0,0.0,summer
2024-06-10,190224,24.7,19.0,31.1,0.0,0.0,2.2,66.3,2024,6,10,0,162,24,0,0,0,0,12.100000000000001,161,1.2246467991473532e-16,-1.0,0.0,1.0,0.3474028211842774,-0.9377159910299093,0.0,0.0,0.0,0.0,summer
2024-06-11,190585,25.4,21.7,31.6,0.0,0.0,2.4,62.4,2024,6,11,1,163,24,0,0,0,0,9.900000000000002,162,1.2246467991473532e-16,-1.0,0.7818314824680298,0.6234898018587336,0.3312212278016865,-0.9435531242349544,0.0,0.0,0.0,0.0,summer
2024-06-12,191038,24.8,19.2,31.8,0.0,0.0,2.1,60.8,2024,6,12,2,164,24,0,0,0,0,12.600000000000001,163,1.2246467991473532e-16,-1.0,0.9749279121818236,-0.22252093395631434,0.31494162072895193,-0.9491110448902284,0.0,0.0,0.0,0.0,summer
2024-06-13,185467,26.4,20.0,32.8,0.0,0.0,1.8,51.4,2024,6,13,3,165,24,0,0,0,0,12.799999999999997,164,1.2246467991473532e-16,-1.0,0.43388373911755823,-0.900968867902419,0.2985688173637202,-0.9543881083175908,0.0,0.0,0.0,0.0,summer
2024-06-14,189944,26.3,21.4,33.0,0.0,0.0,2.3,56.0,2024,6,14,4,166,24,0,0,0,0,11.600000000000001,165,1.2246467991473532e-16,-1.0,-0.433883739117558,-0.9009688679024191,0.2821076626819194,-0.9593827529490743,0.0,0.0,0.0,0.0,summer
2024-06-15,139913,24.2,21.8,28.2,6.0,6.1,1.9,72.3,2024,6,15,5,167,24,1,0,0,1,6.399999999999999,166,1.2246467991473532e-16,-1.0,-0.9749279121818236,-0.2225209339563146,0.26556302780405594,-0.9640935007889755,24.2,72.3,441.03,1.9,summer
2024-06-16,143645,24.3,19.9,29.5,0.0,0.0,2.8,58.4,2024,6,16,6,168,24,1,0,0,0,9.600000000000001,167,1.2246467991473532e-16,-1.0,-0.7818314824680299,0.6234898018587334,0.24893980855376657,-0.9685189578512204,0.0,0.0,0.0,0.0,summer
2024-06-17,189298,24.8,18.9,30.2,0.0,0.0,2.4,48.4,2024,6,17,0,169,25,0,0,0,0,11.3,168,1.2246467991473532e-16,-1.0,0.0,1.0,0.23224292400907015,-0.9726578145718654,0.0,0.0,0.0,0.0,summer
2024-06-18,190082,26.0,20.4,32.9,0.0,0.0,2.1,59.5,2024,6,18,1,170,25,0,0,0,0,12.5,169,1.2246467991473532e-16,-1.0,0.7818314824680298,0.6234898018587336,0.21547731504673012,-0.976508846196619,0.0,0.0,0.0,0.0,summer
2024-06-19,181663,28.8,21.4,35.8,0.0,0.0,1.6,54.3,2024,6,19,2,171,25,0,0,0,0,14.399999999999999,170,1.2246467991473532e-16,-1.0,0.9749279121818236,-0.22252093395631434,0.19864794288017112,-0.9800709131432666,0.0,0.0,0.0,0.0,summer
2024-06-20,180959,29.4,23.4,35.4,0.0,0.0,2.0,45.1,2024,6,20,3,172,25,0,0,0,0,12.0,171,1.2246467991473532e-16,-1.0,0.43388373911755823,-0.900968867902419,0.18175978759137534,-0.9833429613388902,0.0,0.0,0.0,0.0,summer
2024-06-21,186124,28.1,22.9,33.9,0.0,0.0,2.0,49.8,2024,6,21,4,173,25,0,0,0,0,11.0,172,1.2246467991473532e-16,-1.0,-0.433883739117558,-0.9009688679024191,0.16481784665719793,-0.9863240225317866,0.0,0.0,0.0,0.0,summer
2024-06-22,62003,24.2,22.6,26.1,13.67,16.5,2.0,80.6,2024,6,22,5,174,25,1,0,0,1,3.5,173,1.2246467991473532e-16,-1.0,-0.9749279121818236,-0.2225209339563146,0.14782713347053048,-0.9890132145779883,24.2,80.6,1329.8999999999999,2.0,summer
2024-06-23,110471,25.1,22.5,30.1,8.42,5.1,2.2,79.5,2024,6,23,6,175,25,1,0,0,1,7.600000000000001,174,1.2246467991473532e-16,-1.0,-0.7818314824680299,0.6234898018587334,0.13079267585675922,-0.9914097417023038,25.1,79.5,405.45,2.2,summer
2024-06-24,182858,24.3,21.2,27.9,0.33,0.0,2.9,70.4,2024,6,24,0,176,26,0,0,0,0,6.699999999999999,175,1.2246467991473532e-16,-1.0,0.0,1.0,0.11371951458594969,-0.9935128947338007,0.0,0.0,0.0,0.0,summer
2024-06-25,200205,22.9,19.1,27.2,0.0,0.0,3.0,61.9,2024,6,25,1,177,26,0,0,0,0,8.099999999999998,176,1.2246467991473532e-16,-1.0,0.7818314824680298,0.6234898018587336,0.0966127018812031,-0.9953220513156602,0.0,0.0,0.0,0.0,summer
2024-06-26,192192,24.9,18.9,31.6,0.0,0.0,1.9,61.0,2024,6,26,2,178,26,0,0,0,0,12.700000000000003,177,1.2246467991473532e-16,-1.0,0.9749279121818236,-0.22252093395631434,0.07947729992362097,-0.9968366760893436,0.0,0.0,0.0,0.0,summer
2024-06-27,189922,26.3,20.6,31.6,0.0,0.0,1.6,55.0,2024,6,27,3,179,26,0,0,0,0,11.0,178,1.2246467991473532e-16,-1.0,0.43388373911755823,-0.900968867902419,0.062318379354325076,-0.998056320853012,0.0,0.0,0.0,0.0,summer
2024-06-28,183350,26.6,21.3,32.5,0.0,0.0,2.1,54.6,2024,6,28,4,180,26,0,0,0,0,11.2,179,1.2246467991473532e-16,-1.0,-0.433883739117558,-0.9009688679024191,0.04514101777397193,-0.9989806246941579,0.0,0.0,0.0,0.0,summer
2024-06-29,102866,26.7,21.6,32.3,5.42,38.3,2.2,65.1,2024,6,29,5,181,26,1,0,0,1,10.699999999999996,180,1.2246467991473532e-16,-1.0,-0.9749279121818236,-0.2225209339563146,0.02795029824021032,-0.999609314096404,26.7,65.1,2493.3299999999995,2.2,summer
2024-06-30,99161,23.5,22.0,24.9,7.08,32.2,3.7,88.5,2024,6,30,6,182,26,1,0,1,1,2.8999999999999986,181,1.2246467991473532e-16,-1.0,-0.7818314824680299,0.6234898018587334,0.01075130776352193,-0.9999422030204416,23.5,88.5,2849.7000000000003,3.7,summer
2024-07-01,182407,26.3,22.0,31.3,0.0,0.0,1.8,69.1,2024,7,1,0,183,27,0,1,0,0,9.3,182,-0.4999999999999997,-0.8660254037844388,0.0,1.0,-0.00645086419810515,-0.9999791929590823,0.0,0.0,0.0,0.0,summer
2024-07-02,39423,23.2,21.9,25.2,17.25,65.1,2.8,90.0,2024,7,2,1,184,27,0,0,0,1,3.3000000000000007,183,-0.4999999999999997,-0.8660254037844388,0.7818314824680298,0.6234898018587336,-0.023651127245231586,-0.9997202729664083,23.2,90.0,5858.999999999999,2.8,summer
2024-07-03,164917,24.7,23.6,25.9,3.67,0.8,3.6,80.3,2024,7,3,2,185,27,0,0,0,1,2.299999999999997,184,-0.4999999999999997,-0.8660254037844388,0.9749279121818236,-0.22252093395631434,-0.04084439154329611,-0.9991655196610109,24.7,80.3,64.24,3.6,summer
2024-07-04,158337,26.8,23.2,30.6,3.13,3.6,3.0,74.8,2024,7,4,3,186,27,0,0,0,1,7.400000000000002,185,-0.4999999999999997,-0.8660254037844388,0.43388373911755823,-0.900968867902419,-0.05802556932878035,-0.9983150972033183,26.8,74.8,269.28,3.0,summer
2024-07-05,170993,23.4,21.3,26.1,6.92,4.1,3.3,80.5,2024,7,5,4,187,27,0,0,0,1,4.800000000000001,186,-0.4999999999999997,-0.8660254037844388,-0.433883739117558,-0.9009688679024191,-0.07518957641475855,-0.9971692572470178,23.4,80.5,330.04999999999995,3.3,summer
2024-07-06,95363,25.1,22.1,30.0,5.92,2.8,3.2,84.1,2024,7,6,5,188,27,1,0,0,1,7.899999999999999,187,-0.4999999999999997,-0.8660254037844388,-0.9749279121818236,-0.2225209339563146,-0.09233133369539122,-0.9957283388645872,25.1,84.1,235.47999999999996,3.2,summer
2024-07-07,82462,24.4,21.5,28.2,5.17,28.7,1.8,85.1,2024,7,7,6,189,27,1,0,0,1,6.699999999999999,188,-0.4999999999999997,-0.8660254037844388,-0.7818314824680299,0.6234898018587334,-0.10944576864891556,-0.993992768446958,24.4,85.1,2442.37,1.8,summer
2024-07-08,49088,23.8,23.1,24.5,17.83,21.1,1.8,93.4,2024,7,8,0,190,28,0,0,0,1,1.3999999999999986,189,-0.4999999999999997,-0.8660254037844388,0.0,1.0,-0.12652781683868314,-0.9919630595773397,23.8,93.4,1970.7400000000002,1.8,summer
2024-07-09,131038,24.5,22.7,26.7,6.17,0.3,1.8,86.9,2024,7,9,1,191,28,0,0,0,1,4.0,190,-0.4999999999999997,-0.8660254037844388,0.7818314824680298,0.6234898018587336,-0.1435724234118113,-0.9896398128792412,24.5,86.9,26.07,1.8,summer
2024-07-10,157081,26.6,22.7,31.1,3.92,1.4,2.2,77.1,2024,7,10,2,192,28,0,0,0,1,8.400000000000002,191,-0.4999999999999997,-0.8660254037844388,0.9749279121818236,-0.22252093395631434,-0.16057454459499376,-0.9870237158387383,26.6,77.1,107.93999999999998,2.2,summer
2024-07-11,176881,25.7,23.3,28.9,0.0,0.0,2.1,79.6,2024,7,11,3,193,28,0,0,0,0,5.599999999999998,192,-0.4999999999999997,-0.8660254037844388,0.43388373911755823,-0.900968867902419,-0.17752914918703497,-0.984115542601034,0.0,0.0,0.0,0.0,summer
2024-07-12,178473,25.6,21.8,30.2,0.0,0.0,1.6,79.5,2024,7,12,4,194,28,0,0,0,0,8.399999999999999,193,-0.4999999999999997,-0.8660254037844388,-0.433883739117558,-0.9009688679024191,-0.19443122004766195,-0.9809161537413774,0.0,0.0,0.0,0.0,summer
2024-07-13,132044,28.1,23.5,33.3,0.5,0.0,1.9,70.0,2024,7,13,5,195,28,1,0,0,0,9.799999999999997,194,-0.4999999999999997,-0.8660254037844388,-0.9749279121818236,-0.2225209339563146,-0.2112757555821793,-0.9774264960104055,0.0,0.0,0.0,0.0,summer
2024-07-14,116653,28.4,24.9,32.1,0.47,0.4,2.4,65.9,2024,7,14,6,196,28,1,0,0,1,7.200000000000003,195,-0.4999999999999997,-0.8660254037844388,-0.7818314824680299,0.6234898018587334,-0.2280577712215198,-0.9736476020539838,28.4,65.9,26.360000000000003,2.4,summer
2024-07-15,166494,28.4,24.5,31.3,0.17,0.0,2.4,64.6,2024,7,15,0,197,29,0,0,0,0,6.800000000000001,196,-0.4999999999999997,-0.8660254037844388,0.0,1.0,-0.24477230089725957,-0.9695805901076308,0.0,0.0,0.0,0.0,summer
2024-07-16,94003,27.0,24.6,30.7,9.93,17.0,2.3,78.4,2024,7,16,1,198,29,0,0,0,1,6.099999999999998,197,-0.4999999999999997,-0.8660254037844388,0.7818314824680298,0.6234898018587336,-0.2614143985111562,-0.965226663665613,27.0,78.4,1332.8000000000002,2.3,summer
2024-07-17,52001,25.4,24.1,28.1,18.58,98.8,2.5,91.6,2024,7,17,2,199,29,0,0,0,1,4.0,198,-0.4999999999999997,-0.8660254037844388,0.9749279121818236,-0.22252093395631434,-0.2779791393987801,-0.9605871111248129,25.4,91.6,9050.08,2.5,summer
2024-07-18,42867,24.3,23.1,25.6,17.92,128.8,2.2,95.3,2024,7,18,3,200,29,0,0,0,1,2.5,199,-0.4999999999999997,-0.8660254037844388,0.43388373911755823,-0.900968867902419,-0.2944616217868012,-0.9556633054034704,24.3,95.3,12274.640000000001,2.2,summer
2024-07-19,158621,27.0,24.2,30.8,3.83,0.1,2.2,80.1,2024,7,19,4,201,29,0,0,0,1,6.600000000000001,200,-0.4999999999999997,-0.8660254037844388,-0.433883739117558,-0.9009688679024191,-0.3108569682435036,-0.9504567035349151,27.0,80.1,8.01,2.2,summer
2024-07-20,84490,27.2,25.1,30.6,4.42,14.9,2.7,80.4,2024,7,20,5,202,29,1,0,0,1,5.5,201,-0.4999999999999997,-0.8660254037844388,-0.9749279121818236,-0.2225209339563146,-0.3271603271220951,-0.9449688462364056,27.2,80.4,1197.96,2.7,summer
2024-07-21,97479,26.5,22.5,29.8,8.47,8.5,3.6,83.6,2024,7,21,6,203,29,1,0,0,1,7.300000000000001,202,-0.4999999999999997,-0.8660254037844388,-0.7818314824680299,0.6234898018587334,-0.34336687399638804,-0.939201357453208,26.5,83.6,710.5999999999999,3.6,summer
2024-07-22,85676,26.6,24.3,27.9,10.33,79.9,3.1,89.0,2024,7,22,0,204,30,0,0,0,1,3.599999999999998,203,-0.4999999999999997,-0.8660254037844388,0.0,1.0,-0.3594718130884232,-0.9331559438780432,26.6,89.0,7111.1,3.1,summer
2024-07-23,113318,26.4,25.8,27.3,6.33,2.0,3.2,87.9,2024,7,23,1,205,30,0,0,0,1,1.5,204,-0.4999999999999997,-0.8660254037844388,0.7818314824680298,0.6234898018587336,-0.3754703786876202,-0.9268343944460494,26.4,87.9,175.8,3.2,summer
2024-07-24,126759,28.1,26.0,30.9,6.25,14.7,2.6,85.0,2024,7,24,2,206,30,0,0,0,1,4.899999999999999,205,-0.4999999999999997,-0.8660254037844388,0.9749279121818236,-0.22252093395631434,-0.3913578365610259,-0.9202385798054075,28.1,85.0,1249.5,2.6,summer
2024-07-25,131192,28.8,25.4,32.2,2.67,25.3,1.8,79.8,2024,7,25,3,207,30,0,0,0,1,6.800000000000004,206,-0.4999999999999997,-0.8660254037844388,0.43388373911755823,-0.900968867902419,-0.4071294853542516,-0.9133704517637858,28.8,79.8,2018.94,1.8,summer
2024-07-26,117452,28.7,25.2,32.7,3.0,5.5,2.3,81.9,2024,7,26,4,208,30,0,0,0,1,7.5000000000000036,207,-0.4999999999999997,-0.8660254037844388,-0.433883739117558,-0.9009688679024191,-0.4227806579826773,-0.9062320427107697,28.7,81.9,450.45000000000005,2.3,summer
2024-07-27,76401,28.9,27.5,31.7,4.92,33.5,1.7,83.6,2024,7,27,5,209,30,1,0,0,1,4.199999999999999,208,-0.4999999999999997,-0.8660254037844388,-0.9749279121818236,-0.2225209339563146,-0.4383067230125192,-0.898825465016444,28.9,83.6,2800.6,1.7,summer
2024-07-28,102034,29.2,27.3,32.2,0.33,0.0,3.2,76.0,2024,7,28,6,210,30,1,0,0,0,4.900000000000002,209,-0.4999999999999997,-0.8660254037844388,-0.7818314824680299,0.6234898018587334,-0.45370308603134424,-0.8911529104063088,0.0,0.0,0.0,0.0,summer
2024-07-29,138818,27.4,26.8,27.8,5.5,0.0,3.8,84.0,2024,7,29,0,211,31,0,0,0,0,1.0,210,-0.4999999999999997,-0.8660254037844388,0.0,1.0,-0.46896519100763184,-0.8832166493127127,0.0,0.0,0.0,0.0,summer
2024-07-30,150508,28.6,26.3,31.9,0.0,0.0,2.8,78.8,2024,7,30,1,212,31,0,0,0,0,5.599999999999998,211,-0.4999999999999997,-0.8660254037844388,0.7818314824680298,0.6234898018587336,-0.48408852163897587,-0.8750190302029955,0.0,0.0,0.0,0.0,summer
2024-07-31,149866,29.4,27.0,33.3,0.0,0.0,2.6,74.5,2024,7,31,2,213,31,0,0,1,0,6.299999999999997,212,-0.4999999999999997,-0.8660254037844388,0.9749279121818236,-0.22252093395631434,-0.4990686026885319,-0.8665624788845385,0.0,0.0,0.0,0.0,summer
2024-08-01,145486,29.9,27.3,33.2,1.42,0.3,2.6,75.5,2024,8,1,3,214,31,0,1,0,1,5.900000000000002,213,-0.8660254037844385,-0.5000000000000004,0.43388373911755823,-0.900968867902419,-0.5139010013093103,-0.8578494977869301,29.9,75.5,22.65,2.6,summer
2024-08-02,140153,29.6,28.2,32.5,0.0,0.0,2.6,79.4,2024,8,2,4,215,31,0,0,0,0,4.300000000000001,214,-0.8660254037844385,-0.5000000000000004,-0.433883739117558,-0.9009688679024191,-0.5285813283559292,-0.8488826652214553,0.0,0.0,0.0,0.0,summer
2024-08-03,105222,30.2,27.2,34.2,0.0,0.0,2.2,75.0,2024,8,3,5,216,31,1,0,0,0,7.0000000000000036,215,-0.8660254037844385,-0.5000000000000004,-0.9749279121818236,-0.2225209339563146,-0.5431052396834317,-0.8396646346181327,0.0,0.0,0.0,0.0,summer
2024-08-04,89613,31.8,27.3,36.2,0.0,0.0,1.6,69.3,2024,8,4,6,217,31,1,0,0,0,8.900000000000002,216,-0.8660254037844385,-0.5000000000000004,-0.7818314824680299,0.6234898018587334,-0.5574684374327892,-0.8301981337405212,0.0,0.0,0.0,0.0,summer
2024-08-05,123156,30.0,26.9,33.7,3.53,1.3,1.9,75.5,2024,8,5,0,218,32,0,0,0,1,6.800000000000004,217,-0.8660254037844385,-0.5000000000000004,0.0,1.0,-0.5716666713027052,-0.8204859638785327,30.0,75.5,98.15,1.9,summer
2024-08-06,136539,29.5,25.6,33.5,0.75,0.0,1.9,74.8,2024,8,6,1,219,32,0,0,0,0,7.899999999999999,218,-0.8660254037844385,-0.5000000000000004,0.7818314824680298,0.6234898018587336,-0.5856957398073508,-0.8105309990194823,0.0,0.0,0.0,0.0,summer
2024-08-07,141041,29.6,27.2,33.4,1.33,3.4,1.7,72.0,2024,8,7,2,220,32,0,0,0,1,6.199999999999999,219,-0.8660254037844385,-0.5000000000000004,0.9749279121818236,-0.22252093395631434,-0.5995514915196489,-0.8003361849976323,29.6,72.0,244.79999999999998,1.7,summer
2024-08-08,137395,28.5,26.9,31.6,1.83,0.0,1.6,77.5,2024,8,8,3,221,32,0,0,0,0,4.700000000000003,220,-0.8660254037844385,-0.5000000000000004,0.43388373911755823,-0.900968867902419,-0.6132298262997502,-0.7899045386224707,0.0,0.0,0.0,0.0,summer
2024-08-09,139483,29.3,25.6,33.6,0.0,0.0,1.6,74.1,2024,8,9,4,222,32,0,0,0,0,8.0,221,-0.8660254037844385,-0.5000000000000004,-0.433883739117558,-0.9009688679024191,-0.6267266965083301,-0.7792391467859886,0.0,0.0,0.0,0.0,summer
2024-08-10,114530,30.0,26.4,33.6,0.0,0.0,1.7,70.8,2024,8,10,5,223,32,1,0,0,0,7.200000000000003,222,-0.8660254037844385,-0.5000000000000004,-0.9749279121818236,-0.2225209339563146,-0.6400381082043503,-0.7683431655492202,0.0,0.0,0.0,0.0,summer
2024-08-11,99629,30.8,27.8,34.4,0.0,0.0,1.8,67.8,2024,8,11,6,224,32,1,0,0,0,6.599999999999998,223,-0.8660254037844385,-0.5000000000000004,-0.7818314824680299,0.6234898018587334,-0.65316012232693,-0.7572198192083127,0.0,0.0,0.0,0.0,summer
2024-08-12,143228,31.1,28.2,34.1,0.0,0.0,1.9,70.5,2024,8,12,0,225,33,0,0,0,0,5.900000000000002,224,-0.8660254037844385,-0.5000000000000004,0.0,1.0,-0.666088855860977,-0.7458723993404063,0.0,0.0,0.0,0.0,summer
2024-08-13,134073,31.3,28.1,36.4,2.08,0.0,1.8,70.0,2024,8,13,1,226,33,0,0,0,0,8.299999999999997,225,-0.8660254037844385,-0.5000000000000004,0.7818314824680298,0.6234898018587336,-0.6788204829862355,-0.734304263829602,0.0,0.0,0.0,0.0,summer
2024-08-14,132729,30.0,27.3,34.9,1.75,3.0,1.9,73.0,2024,8,14,2,227,33,0,0,0,1,7.599999999999998,226,-0.8660254037844385,-0.5000000000000004,0.9749279121818236,-0.22252093395631434,-0.6913512362094071,-0.722518835873311,30.0,73.0,219.0,1.9,summer
2024-08-15,102409,29.2,26.7,34.6,3.25,6.4,1.8,74.6,2024,8,15,3,228,33,0,0,0,1,7.900000000000002,227,-0.8660254037844385,-0.5000000000000004,0.43388373911755823,-0.900968867902419,-0.7036774074790128,-0.7105196029692745,29.2,74.6,477.44,1.8,summer
2024-08-16,140849,29.8,26.8,34.3,0.25,0.0,2.0,69.4,2024,8,16,4,229,33,0,0,0,0,7.4999999999999964,228,-0.8660254037844385,-0.5000000000000004,-0.433883739117558,-0.9009688679024191,-0.7157953492826642,-0.6983101158835584,0.0,0.0,0.0,0.0,summer
2024-08-17,105962,29.8,27.2,34.0,1.5,11.0,1.7,71.0,2024,8,17,5,230,33,1,0,0,1,6.800000000000001,229,-0.8660254037844385,-0.5000000000000004,-0.9749279121818236,-0.2225209339563146,-0.7277014757264236,-0.6858939875998223,29.8,71.0,781.0,1.7,summer
2024-08-18,93508,29.5,27.0,33.9,1.08,0.0,2.0,73.8,2024,8,18,6,231,33,1,0,0,0,6.899999999999999,230,-0.8660254037844385,-0.5000000000000004,-0.7818314824680299,0.6234898018587334,-0.7393922635959241,-0.673274892250183,0.0,0.0,0.0,0.0,summer
2024-08-19,143003,29.7,26.3,35.3,0.92,2.3,1.9,72.3,2024,8,19,0,232,34,0,0,0,1,8.999999999999996,231,-0.8660254037844385,-0.5000000000000004,0.0,1.0,-0.7508642533989489,-0.6604565640279754,29.7,72.3,166.29,1.9,summer
2024-08-20,146663,31.4,27.0,35.4,0.25,0.0,2.3,68.3,2024,8,20,1,233,34,0,0,0,0,8.399999999999999,232,-0.8660254037844385,-0.5000000000000004,0.7818314824680298,0.6234898018587336,-0.7621140503891487,-0.6474427960827475,0.0,0.0,0.0,0.0,summer
2024-08-21,73097,28.4,26.9,30.8,12.75,42.2,3.2,85.9,2024,8,21,2,234,34,0,0,0,1,3.900000000000002,233,-0.8660254037844385,-0.5000000000000004,0.9749279121818236,-0.22252093395631434,-0.7731383255706026,-0.6342374393978054,28.4,85.9,3624.9800000000005,3.2,summer
2024-08-22,125877,28.6,27.1,30.3,4.42,0.6,3.4,79.9,2024,8,22,3,235,34,0,0,0,1,3.1999999999999993,234,-0.8660254037844385,-0.5000000000000004,0.43388373911755823,-0.900968867902419,-0.7839338166829201,-0.620844401650647,28.6,79.9,47.940000000000005,3.4,summer
2024-08-23,151307,28.4,26.4,31.8,0.5,0.0,2.7,73.5,2024,8,23,4,236,34,0,0,0,0,5.400000000000002,235,-0.8660254037844385,-0.5000000000000004,-0.433883739117558,-0.9009688679024191,-0.7944973291665992,-0.6072676460566135,0.0,0.0,0.0,0.0,summer
2024-08-24,105513,27.6,25.1,30.9,3.42,2.0,1.4,78.8,2024,8,24,5,237,34,1,0,0,1,5.799999999999997,236,-0.8660254037844385,-0.5000000000000004,-0.9749279121818236,-0.2225209339563146,-0.8048257371083452,-0.593511190196115,27.6,78.8,157.6,1.4,summer
2024-08-25,101722,28.5,24.9,32.7,0.0,0.0,1.4,76.6,2024,8,25,6,238,34,1,0,0,0,7.800000000000004,237,-0.8660254037844385,-0.5000000000000004,-0.7818314824680299,0.6234898018587334,-0.8149159841660791,-0.5795791048257612,0.0,0.0,0.0,0.0,summer
2024-08-26,142235,28.1,25.6,30.6,0.25,0.0,1.5,77.8,2024,8,26,0,239,35,0,0,0,0,5.0,238,-0.8660254037844385,-0.5000000000000004,0.0,1.0,-0.8247650844733614,-0.5654755126737576,0.0,0.0,0.0,0.0,summer
2024-08-27,149070,26.5,24.6,30.3,5.58,0.3,1.9,69.8,2024,8,27,1,240,35,0,0,0,1,5.699999999999999,239,-0.8660254037844385,-0.5000000000000004,0.7818314824680298,0.6234898018587336,-0.8343701235229538,-0.5512045872199277,26.5,69.8,20.939999999999998,1.9,summer
2024-08-28,166240,28.2,23.0,33.2,0.0,0.0,2.9,62.1,2024,8,28,2,241,35,0,0,0,0,10.200000000000003,240,-0.8660254037844385,-0.5000000000000004,0.9749279121818236,-0.22252093395631434,-0.8437282590292712,-0.5367705514607103,0.0,0.0,0.0,0.0,summer
2024-08-29,166666,28.4,23.4,33.5,0.0,0.0,3.1,61.0,2024,8,29,3,242,35,0,0,0,0,10.100000000000001,241,-0.8660254037844385,-0.5000000000000004,0.43388373911755823,-0.900968867902419,-0.8528367217694595,-0.522177676659508,0.0,0.0,0.0,0.0,summer
2024-08-30,167332,28.0,23.7,32.9,0.0,0.0,2.4,64.0,2024,8,30,4,243,35,0,0,0,0,9.2,242,-0.8660254037844385,-0.5000000000000004,-0.433883739117558,-0.9009688679024191,-0.8616928164028522,-0.5074302810827518,0.0,0.0,0.0,0.0,summer
2024-08-31,134541,27.6,22.6,33.0,0.0,0.0,1.9,65.6,2024,8,31,5,244,35,1,0,1,0,10.399999999999999,243,-0.8660254037844385,-0.5000000000000004,-0.9749279121818236,-0.2225209339563146,-0.8702939222685674,-0.49253272872205434,0.0,0.0,0.0,0.0,summer
2024-09-01,125168,27.1,24.6,31.6,0.0,0.0,2.0,64.9,2024,9,1,6,245,35,1,1,0,0,7.0,244,-1.0,-1.8369701987210297e-16,-0.7818314824680299,0.6234898018587334,-0.8786374941610001,-0.4774894280028391,0.0,0.0,0.0,0.0,autumn
2024-09-02,153794,24.5,22.2,26.9,5.42,2.7,2.6,73.6,2024,9,2,0,246,36,0,0,0,1,4.699999999999999,245,-1.0,-1.8369701987210297e-16,0.0,1.0,-0.886721063082993,-0.46230483047981086,24.5,73.6,198.72,2.6,autumn
2024-09-03,178905,27.0,23.2,32.0,0.0,0.0,2.9,54.5,2024,9,3,1,247,36,0,0,0,0,8.8,246,-1.0,-1.8369701987210297e-16,0.7818314824680298,0.6234898018587336,-0.8945422369764496,-0.4469834295196741,0.0,0.0,0.0,0.0,autumn
2024-09-04,176850,27.9,23.2,33.3,0.0,0.0,2.2,61.4,2024,9,4,2,248,36,0,0,0,0,10.099999999999998,247,-1.0,-1.8369701987210297e-16,0.9749279121818236,-0.22252093395631434,-0.9020987014301837,-0.43152975897147144,0.0,0.0,0.0,0.0,autumn
2024-09-05,142474,26.3,25.6,28.8,4.42,6.9,2.4,79.1,2024,9,5,3,249,36,0,0,0,1,3.1999999999999993,248,-1.0,-1.8369701987210297e-16,0.43388373911755823,-0.900968867902419,-0.9093882203647925,-0.4159483918249421,26.3,79.1,545.79,2.4,autumn
2024-09-06,150537,24.0,23.3,25.7,9.75,0.7,2.6,79.3,2024,9,6,4,250,36,0,0,0,1,2.3999999999999986,249,-1.0,-1.8369701987210297e-16,-0.433883739117558,-0.9009688679024191,-0.9164086366943458,-0.4002439388573056,24.0,79.3,55.51,2.6,autumn
2024-09-07,148976,26.5,22.8,31.3,0.42,0.0,1.9,68.9,2024,9,7,5,251,36,1,0,0,0,8.5,250,-1.0,-1.8369701987210297e-16,-0.9749279121818236,-0.2225209339563146,-0.9231578729647039,-0.38442104726885545,0.0,0.0,0.0,0.0,autumn
2024-09-08,131430,27.2,22.6,32.8,0.0,0.0,1.6,69.6,2024,9,8,6,252,36,1,0,0,0,10.199999999999996,251,-1.0,-1.8369701987210297e-16,-0.7818314824680299,0.6234898018587334,-0.9296339319682695,-0.3684843993077793,0.0,0.0,0.0,0.0,autumn
2024-09-09,170528,28.5,24.1,34.1,0.0,0.0,1.9,69.0,2024,9,9,0,253,37,0,0,0,0,10.0,252,-1.0,-1.8369701987210297e-16,0.0,1.0,-0.9358348973349941,-0.35243871088460327,0.0,0.0,0.0,0.0,autumn
2024-09-10,169982,29.4,25.6,33.9,0.0,0.0,1.8,67.3,2024,9,10,1,254,37,0,0,0,0,8.299999999999997,253,-1.0,-1.8369701987210297e-16,0.7818314824680298,0.6234898018587336,-0.9417589340994617,-0.33628873017668287,0.0,0.0,0.0,0.0,autumn
2024-09-11,154081,29.0,25.4,34.6,2.25,0.4,1.8,71.5,2024,9,11,2,255,37,0,0,0,1,9.200000000000003,254,-1.0,-1.8369701987210297e-16,0.9749279121818236,-0.22252093395631434,-0.9474042892438845,-0.32003923622313857,29.0,71.5,28.6,1.8,autumn
2024-09-12,62022,25.4,24.8,27.1,18.83,32.7,2.1,91.5,2024,9,12,3,256,37,0,0,0,1,2.3000000000000007,255,-1.0,-1.8369701987210297e-16,0.43388373911755823,-0.900968867902419,-0.9527692922168511,-0.30369503751065885,25.4,91.5,2992.05,2.1,autumn
2024-09-13,75825,25.9,24.2,28.0,18.67,7.6,2.2,91.4,2024,9,13,4,257,37,0,0,0,1,3.8000000000000007,256,-1.0,-1.8369701987210297e-16,-0.433883739117558,-0.9009688679024191,-0.9578523554276669,-0.28726097055059635,25.9,91.4,694.64,2.2,autumn
2024-09-14,115906,28.0,25.2,32.2,0.33,0.0,1.7,80.3,2024,9,14,5,258,37,1,0,0,0,7.0000000000000036,257,-1.0,-1.8369701987210297e-16,-0.9749279121818236,-0.2225209339563146,-0.9626519747161487,-0.2707418984477642,0.0,0.0,0.0,0.0,autumn
2024-09-15,102885,27.5,24.2,32.4,0.0,0.0,2.8,73.6,2024,9,15,6,259,37,1,0,0,0,8.2,258,-1.0,-1.8369701987210297e-16,-0.7818314824680299,0.6234898018587334,-0.9671667297977312,-0.2541427094613622,0.0,0.0,0.0,0.0,autumn
2024-09-16,89288,26.8,21.3,32.2,3.0,9.5,2.8,74.0,2024,9,16,0,260,38,0,0,0,1,10.900000000000002,259,-1.0,-1.8369701987210297e-16,0.0,1.0,-0.97139528468375,-0.23746831555846842,26.8,74.0,703.0,2.8,autumn
2024-09-17,79401,28.6,25.8,33.2,0.0,0.0,1.7,77.0,2024,9,17,1,261,38,0,0,0,0,7.400000000000002,260,-1.0,-1.8369701987210297e-16,0.7818314824680298,0.6234898018587336,-0.9753363880767837,-0.2207236509605022,0.0,0.0,0.0,0.0,autumn
2024-09-18,101366,29.4,26.5,33.6,0.5,0.7,1.6,76.8,2024,9,18,2,262,38,0,0,0,1,7.100000000000001,261,-1.0,-1.8369701987210297e-16,0.9749279121818236,-0.22252093395631434,-0.9789888737409319,-0.20391367068311472,29.4,76.8,53.76,1.6,autumn
2024-09-19,155488,29.1,25.6,32.6,0.0,0.0,1.7,77.4,2024,9,19,3,263,38,0,0,0,0,7.0,262,-1.0,-1.8369701987210297e-16,0.43388373911755823,-0.900968867902419,-0.9823516608469237,-0.18704334906991657,0.0,0.0,0.0,0.0,autumn
2024-09-20,49128,25.0,17.9,28.6,15.33,54.5,2.4,89.8,2024,9,20,4,264,38,0,0,0,1,10.700000000000003,263,-1.0,-1.8369701987210297e-16,-0.433883739117558,-0.9009688679024191,-0.9854237542919524,-0.17011767832049052,25.0,89.8,4894.099999999999,2.4,autumn
2024-09-21,112108,19.3,17.1,21.9,8.83,27.0,4.3,82.3,2024,9,21,5,265,38,1,0,0,1,4.799999999999997,264,-1.0,-1.8369701987210297e-16,-0.9749279121818236,-0.2225209339563146,-0.9882042449941422,-0.15314166701312007,19.3,82.3,2222.1,4.3,autumn
2024-09-22,159563,21.0,16.9,26.7,0.0,0.0,2.7,67.4,2024,9,22,6,266,38,1,0,0,0,9.8,265,-1.0,-1.8369701987210297e-16,-0.7818314824680299,0.6234898018587334,-0.9906923101615609,-0.13612033862266704,0.0,0.0,0.0,0.0,autumn
2024-09-23,188295,20.8,16.6,26.1,0.0,0.0,3.1,58.3,2024,9,23,0,267,39,0,0,0,0,9.5,266,-1.0,-1.8369701987210297e-16,0.0,1.0,-0.9928872135356962,-0.11905873003404988,0.0,0.0,0.0,0.0,autumn
2024-09-24,191167,21.0,15.6,26.9,0.0,0.0,2.2,57.9,2024,9,24,1,268,39,0,0,0,0,11.299999999999999,267,-1.0,-1.8369701987210297e-16,0.7818314824680298,0.6234898018587336,-0.994788305609327,-0.10196189005174576,0.0,0.0,0.0,0.0,autumn
2024-09-25,187730,23.3,18.6,27.3,0.5,0.0,1.7,65.6,2024,9,25,2,269,39,0,0,0,0,8.7,268,-1.0,-1.8369701987210297e-16,0.9749279121818236,-0.22252093395631434,-0.9963950238187231,-0.08483487790576538,0.0,0.0,0.0,0.0,autumn
2024-09-26,176100,23.6,21.1,28.0,3.58,1.2,1.6,75.1,2024,9,26,3,270,39,0,0,0,1,6.899999999999999,269,-1.0,-1.8369701987210297e-16,0.43388373911755823,-0.900968867902419,-0.9977068927101168,-0.06768276175455162,23.6,75.1,90.11999999999999,1.6,autumn
2024-09-27,191572,22.7,19.1,28.0,0.0,0.0,2.4,72.8,2024,9,27,4,271,39,0,0,0,0,8.899999999999999,270,-1.0,-1.8369701987210297e-16,-0.433883739117558,-0.9009688679024191,-0.9987235240803972,-0.050510617185222886,0.0,0.0,0.0,0.0,autumn
2024-09-28,168997,23.2,19.2,27.9,0.0,0.0,3.4,59.3,2024,9,28,5,272,39,1,0,0,0,8.7,271,-1.0,-1.8369701987210297e-16,-0.9749279121818236,-0.2225209339563146,-0.9994446170919858,-0.033323525711631344,0.0,0.0,0.0,0.0,autumn
2024-09-29,154565,23.5,19.1,29.0,0.0,0.0,2.7,61.5,2024,9,29,6,273,39,1,0,0,0,9.899999999999999,272,-1.0,-1.8369701987210297e-16,-0.7818314824680299,0.6234898018587334,-0.9998699583618592,-0.016126573270657762,0.0,0.0,0.0,0.0,autumn
2024-09-30,186557,23.0,18.3,28.5,0.0,0.0,2.1,63.0,2024,9,30,0,274,40,0,0,1,0,10.2,273,-1.0,-1.8369701987210297e-16,0.0,1.0,-0.9999994220246925,0.001075151282798226,0.0,0.0,0.0,0.0,autumn
2024-10-01,131748,18.3,13.3,21.7,4.5,2.5,2.5,67.5,2024,10,1,1,275,40,0,1,0,1,8.399999999999999,274,-0.8660254037844386,0.5000000000000001,0.7818314824680298,0.6234898018587336,-0.999832969770105,0.018276557681691223,18.3,67.5,168.75,2.5,autumn
2024-10-02,176839,14.9,11.6,19.9,0.0,0.0,2.5,48.8,2024,10,2,2,276,40,0,0,0,0,8.299999999999999,275,-0.8660254037844386,0.5000000000000001,0.9749279121818236,-0.22252093395631434,-0.9993706508539969,0.03547255575312556,0.0,0.0,0.0,0.0,autumn
2024-10-03,154004,16.4,10.8,22.5,0.0,0.0,1.9,59.0,2024,10,3,3,277,40,0,0,0,0,11.7,276,-0.8660254037844386,0.5000000000000001,0.43388373911755823,-0.900968867902419,-0.9986126020839734,0.052658056924614005,0.0,0.0,0.0,0.0,autumn
2024-10-04,181960,17.6,11.9,24.2,0.0,0.0,1.8,60.0,2024,10,4,4,278,40,0,0,0,0,12.299999999999999,277,-0.8660254037844386,0.5000000000000001,-0.433883739117558,-0.9009688679024191,-0.9975590477788613,0.06982797572987089,0.0,0.0,0.0,0.0,autumn
2024-10-05,165475,17.5,11.6,24.4,0.0,0.0,1.6,60.4,2024,10,5,5,279,40,1,0,0,0,12.799999999999999,278,-0.8660254037844386,0.5000000000000001,-0.9749279121818236,-0.2225209339563146,-0.9962102997023297,0.0869772313136861,0.0,0.0,0.0,0.0,autumn
2024-10-06,108635,15.4,12.3,17.9,2.67,0.0,1.4,73.5,2024,10,6,6,280,40,1,0,0,0,5.599999999999998,279,-0.8660254037844386,0.5000000000000001,-0.7818314824680299,0.6234898018587334,-0.9945667569706337,0.1041007489354256,0.0,0.0,0.0,0.0,autumn
2024-10-07,173885,16.9,14.0,20.7,0.0,0.0,1.3,73.9,2024,10,7,0,281,41,0,0,0,0,6.699999999999999,280,-0.8660254037844386,0.5000000000000001,0.0,1.0,-0.9926289059345095,0.121193461470736,0.0,0.0,0.0,0.0,autumn
2024-10-08,182681,17.7,12.7,23.9,0.0,0.0,1.8,73.9,2024,10,8,1,282,41,0,0,0,0,11.2,281,-0.8660254037844386,0.5000000000000001,0.7818314824680298,0.6234898018587336,-0.9903973200352558,0.1382503109109819,0.0,0.0,0.0,0.0,autumn
2024-10-09,160339,18.8,13.9,24.4,0.0,0.0,2.3,64.1,2024,10,9,2,283,41,0,0,0,0,10.499999999999998,282,-0.8660254037844386,0.5000000000000001,0.9749279121818236,-0.22252093395631434,-0.9878726596350429,0.15526624985999563,0.0,0.0,0.0,0.0,autumn
2024-10-10,180123,18.8,15.3,24.1,0.17,0.0,1.9,66.3,2024,10,10,3,284,41,0,0,0,0,8.8,283,-0.8660254037844386,0.5000000000000001,0.43388373911755823,-0.900968867902419,-0.9850556718215013,0.172236243027682,0.0,0.0,0.0,0.0,autumn
2024-10-11,189281,18.6,13.9,24.4,0.0,0.0,1.8,68.8,2024,10,11,4,285,41,0,0,0,0,10.499999999999998,284,-0.8660254037844386,0.5000000000000001,-0.433883739117558,-0.9009688679024191,-0.981947190186646,0.18915526872004093,0.0,0.0,0.0,0.0,autumn
2024-10-12,161684,18.3,13.4,24.7,0.0,0.0,1.5,60.6,2024,10,12,5,286,41,1,0,0,0,11.299999999999999,285,-0.8660254037844386,0.5000000000000001,-0.9749279121818236,-0.2225209339563146,-0.9785481345802031,0.20601832032517084,0.0,0.0,0.0,0.0,autumn
2024-10-13,142163,18.3,12.6,22.6,0.0,0.0,2.0,67.0,2024,10,13,6,287,41,1,0,0,0,10.000000000000002,286,-0.8660254037844386,0.5000000000000001,-0.7818314824680299,0.6234898018587334,-0.9748595108374125,0.22282040779479959,0.0,0.0,0.0,0.0,autumn
2024-10-14,171312,19.3,17.6,21.5,1.5,0.0,1.9,70.3,2024,10,14,0,288,42,0,0,0,0,3.8999999999999986,287,-0.8660254037844386,0.5000000000000001,0.0,1.0,-0.9708824104813836,0.23955655912092708,0.0,0.0,0.0,0.0,autumn
2024-10-15,155619,19.2,17.6,21.9,5.58,0.5,1.8,85.0,2024,10,15,1,289,42,0,0,0,1,4.299999999999997,288,-0.8660254037844386,0.5000000000000001,0.7818314824680298,0.6234898018587336,-0.9666180104000972,0.2562218218071163,19.2,85.0,42.5,1.8,autumn
2024-10-16,181097,18.2,14.4,24.2,0.0,0.0,1.5,76.9,2024,10,16,2,290,42,0,0,0,0,9.799999999999999,289,-0.8660254037844386,0.5000000000000001,0.9749279121818236,-0.22252093395631434,-0.9620675724981452,0.27281126433401914,0.0,0.0,0.0,0.0,autumn
2024-10-17,181160,19.0,13.8,25.7,0.0,0.0,1.7,70.4,2024,10,17,3,291,42,0,0,0,0,11.899999999999999,290,-0.8660254037844386,0.5000000000000001,0.43388373911755823,-0.900968867902419,-0.957232443323312,0.28931997761869527,0.0,0.0,0.0,0.0,autumn
2024-10-18,78684,17.4,16.2,18.8,11.33,47.1,2.5,86.1,2024,10,18,4,292,42,0,0,0,1,2.6000000000000014,291,-0.8660254037844386,0.5000000000000001,-0.433883739117558,-0.9009688679024191,-0.9521140536681102,0.3057430764672831,17.4,86.1,4055.31,2.5,autumn
2024-10-19,130845,16.6,12.4,21.1,2.08,1.0,3.3,75.0,2024,10,19,5,293,42,1,0,0,1,8.700000000000001,292,-0.8660254037844386,0.5000000000000001,-0.9749279121818236,-0.2225209339563146,-0.9467139181463862,0.3220757010206104,16.6,75.0,75.0,3.3,autumn
2024-10-20,122488,13.4,10.5,17.8,0.0,0.0,3.7,56.0,2024,10,20,6,294,42,1,0,0,0,7.300000000000001,293,-0.8660254037844386,0.5000000000000001,-0.7818314824680299,0.6234898018587334,-0.9410336347451197,0.3383130181923076,0.0,0.0,0.0,0.0,autumn
2024-10-21,154414,14.8,9.7,19.3,2.33,0.0,2.3,66.4,2024,10,21,0,295,43,0,0,0,0,9.600000000000001,294,-0.8660254037844386,0.5000000000000001,0.0,1.0,-0.9350748843515574,0.3544502230989869,0.0,0.0,0.0,0.0,autumn
2024-10-22,26820,15.5,14.9,16.6,21.5,20.6,2.0,90.8,2024,10,22,1,296,43,0,0,0,1,1.700000000000001,295,-0.8660254037844386,0.5000000000000001,0.7818314824680298,0.6234898018587336,-0.9288394302558068,0.3704825404820963,15.5,90.8,1870.48,2.0,autumn
2024-10-23,143678,12.7,9.4,15.5,5.5,2.3,3.7,75.3,2024,10,23,2,297,43,0,0,0,1,6.1,296,-0.8660254037844386,0.5000000000000001,0.9749279121818236,-0.22252093395631434,-0.9223291176290545,0.3864052261209853,12.7,75.3,173.18999999999997,3.7,autumn
2024-10-24,159376,12.5,7.1,18.4,0.0,0.0,1.8,71.4,2024,10,24,3,298,43,0,0,0,0,11.299999999999999,297,-0.8660254037844386,0.5000000000000001,0.43388373911755823,-0.900968867902419,-0.9155458729775467,0.40221356823680365,0.0,0.0,0.0,0.0,autumn
2024-10-25,166456,14.9,8.7,21.5,0.0,0.0,1.7,64.1,2024,10,25,4,299,43,0,0,0,0,12.8,298,-0.8660254037844386,0.5000000000000001,-0.433883739117558,-0.9009688679024191,-0.9084917035725082,0.41790288888678667,0.0,0.0,0.0,0.0,autumn
2024-10-26,145496,17.0,10.7,24.0,0.0,0.0,1.8,68.3,2024,10,26,5,300,43,1,0,0,0,13.3,299,-0.8660254037844386,0.5000000000000001,-0.9749279121818236,-0.2225209339563146,-0.9011686968561569,0.4334685453485363,0.0,0.0,0.0,0.0,autumn
2024-10-27,110954,16.0,14.0,18.8,0.58,0.0,1.6,79.4,2024,10,27,6,301,43,1,0,0,0,4.800000000000001,300,-0.8660254037844386,0.5000000000000001,-0.7818314824680299,0.6234898018587334,-0.8935790198239952,0.4489059314938798,0.0,0.0,0.0,0.0,autumn
2024-10-28,159280,15.7,12.3,20.4,0.13,0.0,2.1,75.9,2024,10,28,0,302,44,0,0,0,0,8.099999999999998,301,-0.8660254037844386,0.5000000000000001,0.0,1.0,-0.8857249183835637,0.4642104791518923,0.0,0.0,0.0,0.0,autumn
2024-10-29,154503,15.0,13.4,18.3,1.0,0.0,2.3,64.6,2024,10,29,1,303,44,0,0,0,0,4.9,302,-0.8660254037844386,0.5000000000000001,0.7818314824680298,0.6234898018587336,-0.8776087166898392,0.4793776594606945,0.0,0.0,0.0,0.0,autumn
2024-10-30,167862,15.7,11.4,21.4,0.0,0.0,1.6,71.3,2024,10,30,2,304,44,0,0,0,0,9.999999999999998,303,-0.8660254037844386,0.5000000000000001,0.9749279121818236,-0.22252093395631434,-0.8692328164574792,0.49440298420761813,0.0,0.0,0.0,0.0,autumn
2024-10-31,167814,15.9,11.0,22.6,0.0,0.0,1.4,67.8,2024,10,31,3,305,44,0,0,1,0,11.600000000000001,304,-0.8660254037844386,0.5000000000000001,0.43388373911755823,-0.900968867902419,-0.8605996962501181,0.5092820071573356,0.0,0.0,0.0,0.0,autumn
2024-11-01,166375,15.3,12.9,18.7,0.0,0.0,1.4,70.8,2024,11,1,4,306,44,0,1,0,0,5.799999999999999,305,-0.5000000000000004,0.8660254037844384,-0.433883739117558,-0.9009688679024191,-0.8517119107469189,0.5240103253675756,0.0,0.0,0.0,0.0,autumn
2024-11-02,146373,18.1,13.0,25.1,0.0,0.0,1.9,58.9,2024,11,2,5,307,44,1,0,0,0,12.100000000000001,306,-0.5000000000000004,0.8660254037844384,-0.9749279121818236,-0.2225209339563146,-0.8425720899866032,0.5385835804920232,0.0,0.0,0.0,0.0,autumn
2024-11-03,132609,17.6,13.0,23.5,0.15,0.0,2.4,71.1,2024,11,3,6,308,44,1,0,0,0,10.5,307,-0.5000000000000004,0.8660254037844384,-0.7818314824680299,0.6234898018587334,-0.8331829385891785,0.5529974600700271,0.0,0.0,0.0,0.0,autumn
2024-11-04,153234,14.8,8.9,18.3,0.5,0.1,2.9,62.0,2024,11,4,0,309,45,0,0,0,1,9.4,308,-0.5000000000000004,0.8660254037844384,0.0,1.0,-0.8235472349556007,0.5672476988027229,14.8,62.0,6.2,2.9,autumn
2024-11-05,145634,9.1,5.6,14.7,0.0,0.0,2.1,49.8,2024,11,5,1,310,45,0,0,0,0,9.1,309,-0.5000000000000004,0.8660254037844384,0.7818314824680298,0.6234898018587336,-0.8136678304455991,0.5813300798152042,0.0,0.0,0.0,0.0,autumn
2024-11-06,138912,7.5,4.1,12.5,0.0,0.0,2.5,46.1,2024,11,6,2,311,45,0,0,0,0,8.4,310,-0.5000000000000004,0.8660254037844384,0.9749279121818236,-0.22252093395631434,-0.8035476485339116,0.5952404359043674,0.0,0.0,0.0,0.0,autumn
2024-11-07,140431,7.8,1.6,15.7,0.0,0.0,1.5,48.1,2024,11,7,3,312,45,0,0,0,0,14.1,311,-0.5000000000000004,0.8660254037844384,0.43388373911755823,-0.900968867902419,-0.7931896839451843,0.6089746507720486,0.0,0.0,0.0,0.0,autumn
2024-11-08,146638,10.2,3.1,18.1,0.0,0.0,1.5,50.8,2024,11,8,4,313,45,0,0,0,0,15.000000000000002,312,-0.5000000000000004,0.8660254037844384,-0.433883739117558,-0.9009688679024191,-0.7825970017677834,0.6225286602431057,0.0,0.0,0.0,0.0,autumn
2024-11-09,125837,12.9,6.8,20.3,0.0,0.0,1.4,55.8,2024,11,9,5,314,45,1,0,0,0,13.5,313,-0.5000000000000004,0.8660254037844384,-0.9749279121818236,-0.2225209339563146,-0.7717727365467836,0.6358984534680745,0.0,0.0,0.0,0.0,autumn
2024-11-10,115693,14.4,10.3,21.0,0.0,0.0,1.8,64.0,2024,11,10,6,315,45,1,0,0,0,10.7,314,-0.5000000000000004,0.8660254037844384,-0.7818314824680299,0.6234898018587334,-0.7607200913564104,0.6490800741100398,0.0,0.0,0.0,0.0,autumn
2024-11-11,155324,14.6,9.7,21.8,0.0,0.0,1.2,64.5,2024,11,11,0,316,46,0,0,0,0,12.100000000000001,315,-0.5000000000000004,0.8660254037844384,0.0,1.0,-0.7494423368521954,0.6620696215153815,0.0,0.0,0.0,0.0,autumn
2024-11-12,158295,14.3,11.0,19.2,0.0,0.0,2.2,66.8,2024,11,12,1,317,46,0,0,0,0,8.2,316,-0.5000000000000004,0.8660254037844384,0.7818314824680298,0.6234898018587336,-0.7379428103031386,0.6748632518680403,0.0,0.0,0.0,0.0,autumn
2024-11-13,162960,14.2,8.3,21.3,0.0,0.0,1.7,62.9,2024,11,13,2,318,46,0,0,0,0,13.0,317,-0.5000000000000004,0.8660254037844384,0.9749279121818236,-0.22252093395631434,-0.7262249146041543,0.6874571793269664,0.0,0.0,0.0,0.0,autumn
2024-11-14,137473,14.8,13.2,16.8,4.0,0.1,1.8,68.4,2024,11,14,3,319,46,0,0,0,1,3.6000000000000014,318,-0.5000000000000004,0.8660254037844384,0.43388373911755823,-0.900968867902419,-0.7142921172691032,0.699847677146407,14.8,68.4,6.840000000000001,1.8,autumn
2024-11-15,158831,17.0,13.7,21.5,0.75,0.0,1.8,65.1,2024,11,15,4,320,46,0,0,0,0,7.800000000000001,319,-0.5000000000000004,0.8660254037844384,-0.433883739117558,-0.9009688679024191,-0.7021479494046978,0.7120310787787131,0.0,0.0,0.0,0.0,autumn
2024-11-16,80376,17.0,14.4,22.6,5.92,6.5,2.6,72.5,2024,11,16,5,321,46,1,0,0,1,8.200000000000001,320,-0.5000000000000004,0.8660254037844384,-0.9749279121818236,-0.2225209339563146,-0.6897960046655887,0.7240037789593305,17.0,72.5,471.25,2.6,autumn
2024-11-17,78610,7.0,2.1,14.4,0.0,0.0,3.6,47.6,2024,11,17,6,322,46,1,0,0,0,12.3,321,-0.5000000000000004,0.8660254037844384,-0.7818314824680299,0.6234898018587334,-0.6772399381909491,0.7357622347736527,0.0,0.0,0.0,0.0,autumn
2024-11-18,109679,2.8,-0.7,7.9,0.0,0.0,2.3,30.9,2024,11,18,0,323,47,0,0,0,0,8.6,322,-0.5000000000000004,0.8660254037844384,0.0,1.0,-0.6644834655228552,0.7473029667054296,0.0,0.0,0.0,0.0,autumn
2024-11-19,124664,5.7,0.3,11.3,0.0,0.0,2.0,49.5,2024,11,19,1,324,47,0,0,0,0,11.0,323,-0.5000000000000004,0.8660254037844384,0.7818314824680298,0.6234898018587336,-0.6515303615068021,0.75862255966641,0.0,0.0,0.0,0.0,autumn
2024-11-20,124089,6.5,2.4,9.6,0.0,0.0,1.3,65.8,2024,11,20,2,325,47,0,0,0,0,7.199999999999999,324,-0.5000000000000004,0.8660254037844384,0.9749279121818236,-0.22252093395631434,-0.6383844591746642,0.7697176640069211,0.0,0.0,0.0,0.0,autumn
2024-11-21,127460,9.7,6.0,14.1,1.83,0.0,2.2,71.9,2024,11,21,3,326,47,0,0,0,0,8.1,325,-0.5000000000000004,0.8660254037844384,0.43388373911755823,-0.900968867902419,-0.6250496486104377,0.7805849965070866,0.0,0.0,0.0,0.0,autumn
2024-11-22,127415,6.2,3.3,10.6,0.0,0.0,2.2,48.0,2024,11,22,4,327,47,0,0,0,0,7.3,326,-0.5000000000000004,0.8660254037844384,-0.433883739117558,-0.9009688679024191,-0.6115298757991053,0.7912213413483807,0.0,0.0,0.0,0.0,autumn
2024-11-23,95076,6.4,1.5,12.6,0.0,0.0,1.7,47.1,2024,11,23,5,328,47,1,0,0,0,11.1,327,-0.5000000000000004,0.8660254037844384,-0.9749279121818236,-0.2225209339563146,-0.5978291414589552,0.801623551065242,0.0,0.0,0.0,0.0,autumn
2024-11-24,85901,7.4,2.6,14.2,0.0,0.0,1.6,58.4,2024,11,24,6,329,47,1,0,0,0,11.6,328,-0.5000000000000004,0.8660254037844384,-0.7818314824680299,0.6234898018587334,-0.5839514998576998,0.8117885474764613,0.0,0.0,0.0,0.0,autumn
2024-11-25,130576,10.1,3.6,15.4,0.42,0.0,2.5,57.6,2024,11,25,0,330,48,0,0,0,0,11.8,329,-0.5000000000000004,0.8660254037844384,0.0,1.0,-0.5699010576127624,0.8217133225960589,0.0,0.0,0.0,0.0,autumn
2024-11-26,35377,5.8,1.0,12.7,21.67,26.0,3.4,86.4,2024,11,26,1,331,48,0,0,0,1,11.7,330,-0.5000000000000004,0.8660254037844384,0.7818314824680298,0.6234898018587336,-0.5556819724760489,0.8313949395234058,5.8,86.4,2246.4,3.4,autumn
2024-11-27,20897,-0.4,-1.3,1.2,19.17,22.4,1.4,90.6,2024,11,27,2,332,48,0,0,0,1,2.5,331,-0.5000000000000004,0.8660254037844384,0.9749279121818236,-0.22252093395631434,-0.5412984521036173,0.8408305333122887,-0.4,90.6,2029.4399999999998,1.4,autumn
2024-11-28,42952,0.8,-1.7,3.4,8.83,4.9,1.8,82.0,2024,11,28,3,333,48,0,0,0,1,5.1,332,-0.5000000000000004,0.8660254037844384,0.43388373911755823,-0.900968867902419,-0.5267547528105542,0.8500173118187018,0.8,82.0,401.8,1.8,autumn
2024-11-29,73914,0.2,-3.4,3.4,2.58,0.0,1.5,76.3,2024,11,29,4,334,48,0,0,0,0,6.8,333,-0.5000000000000004,0.8660254037844384,-0.433883739117558,-0.9009688679024191,-0.5120551783114646,0.8589525565270845,0.0,0.0,0.0,0.0,autumn
2024-11-30,57420,2.5,-0.5,5.6,1.42,0.0,1.8,81.6,2024,11,30,5,335,48,1,0,1,0,6.1,334,-0.5000000000000004,0.8660254037844384,-0.9749279121818236,-0.2225209339563146,-0.4972040784469378,0.8676336233547726,0.0,0.0,0.0,0.0,autumn
2024-12-01,58684,5.2,1.6,8.2,2.08,0.5,2.4,89.3,2024,12,1,6,336,48,1,1,0,1,6.6,335,-2.4492935982947064e-16,1.0,-0.7818314824680299,0.6234898018587334,-0.4822058478963526,0.8760579434344281,5.2,89.3,44.65,2.4,winter
2024-12-02,100397,6.4,0.6,13.0,0.25,0.0,2.2,79.9,2024,12,2,0,337,49,0,0,0,0,12.4,336,-2.4492935982947064e-16,1.0,0.0,1.0,-0.46706492487743034,0.8842230238742036,0.0,0.0,0.0,0.0,winter
2024-12-03,94719,1.3,-2.4,5.2,1.08,0.0,2.4,48.6,2024,12,3,1,338,49,0,0,0,0,7.6,337,-2.4492935982947064e-16,1.0,0.7818314824680298,0.6234898018587336,-0.451785789832884,0.8921264484954345,0.0,0.0,0.0,0.0,winter
2024-12-04,97369,3.1,-0.6,6.9,0.5,0.0,2.1,52.1,2024,12,4,2,339,49,0,0,0,0,7.5,338,-2.4492935982947064e-16,1.0,0.9749279121818236,-0.22252093395631434,-0.4363729641045924,0.8997658785476209,0.0,0.0,0.0,0.0,winter
2024-12-05,83585,3.9,-0.1,8.8,0.88,1.8,2.3,62.8,2024,12,5,3,340,49,0,0,0,1,8.9,339,-2.4492935982947064e-16,1.0,0.43388373911755823,-0.900968867902419,-0.42083100859565564,0.9071390534005044,3.9,62.8,113.03999999999999,2.3,winter
2024-12-06,92782,2.1,-0.4,5.2,0.0,0.0,2.5,49.3,2024,12,6,4,341,49,0,0,0,0,5.6000000000000005,340,-2.4492935982947064e-16,1.0,-0.433883739117558,-0.9009688679024191,-0.4051645224207563,0.9142437912130223,0.0,0.0,0.0,0.0,winter
2024-12-07,66487,0.2,-2.5,4.6,0.0,0.0,2.5,56.9,2024,12,7,5,342,49,1,0,0,0,7.1,341,-2.4492935982947064e-16,1.0,-0.9749279121818236,-0.2225209339563146,-0.3893781415452015,0.9210779895789526,0.0,0.0,0.0,0.0,winter
2024-12-08,50135,-0.2,-3.9,4.1,0.0,0.0,2.2,46.5,2024,12,8,6,343,49,1,0,0,0,8.0,342,-2.4492935982947064e-16,1.0,-0.7818314824680299,0.6234898018587334,-0.37347653741307074,0.9276396261490467,-0.0,0.0,0.0,0.0,winter
2024-12-09,89580,1.0,-3.8,7.4,0.0,0.0,1.6,56.1,2024,12,9,0,344,50,0,0,0,0,11.2,343,-2.4492935982947064e-16,1.0,0.0,1.0,-0.3574644155648614,0.9339267592294762,0.0,0.0,0.0,0.0,winter
2024-12-10,95372,2.6,-1.9,6.9,0.0,0.0,1.9,58.9,2024,12,10,1,345,50,0,0,0,0,8.8,344,-2.4492935982947064e-16,1.0,0.7818314824680298,0.6234898018587336,-0.34134651424503615,0.9399375283564133,0.0,0.0,0.0,0.0,winter
2024-12-11,98558,3.0,0.2,8.2,0.0,0.0,1.6,50.3,2024,12,11,2,346,50,0,0,0,0,7.999999999999999,345,-2.4492935982947064e-16,1.0,0.9749279121818236,-0.22252093395631434,-0.3251276029999093,0.9456701548465688,0.0,0.0,0.0,0.0,winter
2024-12-12,91968,0.5,-3.2,5.4,0.0,0.0,2.1,45.8,2024,12,12,3,347,50,0,0,0,0,8.600000000000001,346,-2.4492935982947064e-16,1.0,0.43388373911755823,-0.900968867902419,-0.30881248126625377,0.9511229423235357,0.0,0.0,0.0,0.0,winter
2024-12-13,89567,1.0,-1.5,4.5,0.0,0.0,2.2,42.1,2024,12,13,4,348,50,0,0,0,0,6.0,347,-2.4492935982947064e-16,1.0,-0.433883739117558,-0.9009688679024191,-0.29240597695107734,0.9562942772197719,0.0,0.0,0.0,0.0,winter
2024-12-14,64498,-0.8,-3.6,2.5,0.0,0.0,2.2,51.0,2024,12,14,5,349,50,1,0,0,0,6.1,348,-2.4492935982947064e-16,1.0,-0.9749279121818236,-0.2225209339563146,-0.27591294500296043,0.9611826292540837,-0.0,0.0,0.0,0.0,winter
2024-12-15,51245,1.2,-2.2,5.4,0.33,0.0,2.4,54.1,2024,12,15,6,350,50,1,0,0,0,7.6000000000000005,349,-2.4492935982947064e-16,1.0,-0.7818314824680299,0.6234898018587334,-0.2593382659754056,0.9657865518844574,0.0,0.0,0.0,0.0,winter
2024-12-16,78052,-0.2,-3.3,3.9,4.75,0.0,1.2,65.9,2024,12,16,0,351,51,0,0,0,0,7.199999999999999,350,-2.4492935982947064e-16,1.0,0.0,1.0,-0.2426868445825954,0.9701046827361175,-0.0,0.0,0.0,0.0,winter
2024-12-17,83416,-0.8,-3.5,3.8,0.0,0.0,2.2,51.8,2024,12,17,1,352,51,0,0,0,0,7.3,351,-2.4492935982947064e-16,1.0,0.7818314824680298,0.6234898018587336,-0.22596360824801906,0.974135744004672,-0.0,0.0,0.0,0.0,winter
2024-12-18,76135,-3.4,-6.2,0.9,0.0,0.0,2.2,47.1,2024,12,18,2,353,51,0,0,0,0,7.1000000000000005,352,-2.4492935982947064e-16,1.0,0.9749279121818236,-0.22252093395631434,-0.20917350564635637,0.9778785428342386,-0.0,0.0,0.0,0.0,winter
2024-12-19,79364,-1.4,-6.7,4.9,0.0,0.0,1.5,47.4,2024,12,19,3,354,51,0,0,0,0,11.600000000000001,353,-2.4492935982947064e-16,1.0,0.43388373911755823,-0.900968867902419,-0.19232150523909483,0.9813319716704275,-0.0,0.0,0.0,0.0,winter
2024-12-20,80205,1.4,-2.1,5.3,4.07,0.4,2.0,60.9,2024,12,20,4,355,51,0,0,0,1,7.4,354,-2.4492935982947064e-16,1.0,-0.433883739117558,-0.9009688679024191,-0.17541259380427843,0.9844950085880858,1.4,60.9,24.36,2.0,winter
2024-12-21,39453,-0.7,-4.7,1.9,6.25,2.9,2.8,74.1,2024,12,21,5,356,51,1,0,0,1,6.6,355,-2.4492935982947064e-16,1.0,-0.9749279121818236,-0.2225209339563146,-0.15845177496083632,0.9873667175937016,-0.7,74.1,214.89,2.8,winter
2024-12-22,37978,-3.4,-7.7,1.0,0.0,0.0,2.1,52.9,2024,12,22,6,357,51,1,0,0,0,8.7,356,-2.4492935982947064e-16,1.0,-0.7818314824680299,0.6234898018587334,-0.14144406768794202,0.9899462489023779,-0.0,0.0,0.0,0.0,winter
2024-12-23,76141,0.3,-5.0,6.7,0.0,0.0,2.2,58.5,2024,12,23,0,358,52,0,0,0,0,11.7,357,-2.4492935982947064e-16,1.0,0.0,1.0,-0.12439450483979998,0.9922328391893008,0.0,0.0,0.0,0.0,winter
2024-12-24,77782,-0.4,-4.3,5.1,0.0,0.0,1.4,50.3,2024,12,24,1,359,52,0,0,0,0,9.399999999999999,358,-2.4492935982947064e-16,1.0,0.7818314824680298,0.6234898018587336,-0.10730813165636247,0.9942258118156161,-0.0,0.0,0.0,0.0,winter
2024-12-25,45245,2.7,-1.1,6.5,0.5,0.1,2.0,63.1,2024,12,25,2,360,52,0,0,0,1,7.6,359,-2.4492935982947064e-16,1.0,0.9749279121818236,-0.22252093395631434,-0.09019000427034513,0.9959245770286599,2.7,63.1,6.3100000000000005,2.0,winter
2024-12-26,69108,0.1,-4.8,4.2,0.25,0.0,3.4,57.9,2024,12,26,3,361,52,0,0,0,0,9.0,360,-2.4492935982947064e-16,1.0,0.43388373911755823,-0.900968867902419,-0.07304518821104743,0.9973286321364752,0.0,0.0,0.0,0.0,winter
2024-12-27,68332,-2.6,-5.9,1.8,2.0,0.0,2.7,51.4,2024,12,27,4,362,52,0,0,0,0,7.7,361,-2.4492935982947064e-16,1.0,-0.433883739117558,-0.9009688679024191,-0.05587875690537313,0.9984375616565666,-0.0,0.0,0.0,0.0,winter
2024-12-28,45729,-3.0,-6.7,1.1,0.0,0.0,2.5,48.3,2024,12,28,5,363,52,1,0,0,0,7.800000000000001,362,-2.4492935982947064e-16,1.0,-0.9749279121818236,-0.2225209339563146,-0.03869579017652689,0.9992510374388481,-0.0,0.0,0.0,0.0,winter
2024-12-29,43612,1.1,-4.2,6.1,0.0,0.0,1.5,56.1,2024,12,29,6,364,52,1,0,0,0,10.3,363,-2.4492935982947064e-16,1.0,-0.7818314824680299,0.6234898018587334,-0.021501372740813793,0.999768818762748,0.0,0.0,0.0,0.0,winter
2024-12-30,79479,5.5,1.9,10.1,0.25,0.0,2.3,68.5,2024,12,30,0,365,1,0,0,0,0,8.2,364,-2.4492935982947064e-16,1.0,0.0,1.0,-0.004300592702981974,0.9999907524084426,0.0,0.0,0.0,0.0,winter
2024-12-31,72942,0.6,-2.0,4.9,0.33,0.0,2.6,45.8,2024,12,31,1,366,1,0,0,1,0,6.9,365,-2.4492935982947064e-16,1.0,0.7818314824680298,0.6234898018587336,0.012901459949419653,0.9999167727021953,0.0,0.0,0.0,0.0,winter
2025-01-01,48645,2.6,-2.5,8.9,0.0,0.0,2.2,64.3,2025,1,1,2,1,1,0,1,0,0,11.4,366,0.49999999999999994,0.8660254037844387,0.9749279121818236,-0.22252093395631434,0.017201575418260506,0.9998520419557735,0.0,0.0,0.0,0.0,winter
2025-01-02,77718,0.5,-2.9,6.0,0.0,0.0,2.1,48.8,2025,1,2,3,2,1,0,0,0,0,8.9,367,0.49999999999999994,0.8660254037844387,0.43388373911755823,-0.900968867902419,0.03439806061360801,0.9994082116062598,0.0,0.0,0.0,0.0,winter
2025-01-03,77053,-1.1,-5.1,3.2,0.5,0.0,2.2,52.0,2025,1,3,4,3,1,0,0,0,0,8.3,368,0.49999999999999994,0.8660254037844387,-0.433883739117558,-0.9009688679024191,0.051584366869408364,0.9986686402879997,-0.0,0.0,0.0,0.0,winter
2025-01-04,56597,-0.1,-5.4,5.7,0.0,0.0,1.7,49.6,2025,1,4,5,4,1,1,0,0,0,11.100000000000001,369,0.49999999999999994,0.8660254037844387,-0.9749279121818236,-0.2225209339563146,0.06875540848113941,0.9976335468520451,-0.0,0.0,0.0,0.0,winter
2025-01-05,19712,1.2,-0.7,2.5,9.0,6.7,2.5,85.0,2025,1,5,6,5,1,1,0,0,1,3.2,370,0.49999999999999994,0.8660254037844387,-0.7818314824680299,0.6234898018587334,0.08590610426133272,0.9963032375991965,1.2,85.0,569.5,2.5,winter
2025-01-06,62525,1.0,-3.0,3.4,3.03,3.0,2.8,75.6,2025,1,6,0,6,2,0,0,0,1,6.4,371,0.49999999999999994,0.8660254037844387,0.0,1.0,0.10303137904317879,0.9946781061893646,1.0,75.6,226.79999999999998,2.8,winter
2025-01-07,68411,-2.6,-5.7,1.5,1.0,0.1,2.7,53.5,2025,1,7,1,7,2,0,0,0,1,7.2,372,0.49999999999999994,0.8660254037844387,0.7818314824680298,0.6234898018587336,0.1201261651823505,0.9927586335250793,-2.6,53.5,5.3500000000000005,2.7,winter
2025-01-08,66720,-3.4,-6.1,0.2,1.25,0.0,2.7,55.1,2025,1,8,2,8,2,0,0,0,0,6.3,373,0.49999999999999994,0.8660254037844387,0.9749279121818236,-0.22252093395631434,0.13718540405660057,0.9905453876091833,-0.0,0.0,0.0,0.0,winter
2025-01-09,47971,-9.7,-11.6,-6.1,0.25,0.0,4.2,38.4,2025,1,9,3,9,2,0,0,0,0,5.5,374,0.49999999999999994,0.8660254037844387,0.43388373911755823,-0.900968867902419,0.1542040475626894,0.988039023376751,-0.0,0.0,0.0,0.0,winter
2025-01-10,54569,-7.3,-12.2,-1.7,0.0,0.0,1.6,48.0,2025,1,10,4,10,2,0,0,0,0,10.5,375,0.49999999999999994,0.8660254037844387,-0.433883739117558,-0.9009688679024191,0.17117705961019986,0.985240282501282,-0.0,0.0,0.0,0.0,winter
2025-01-11,42552,-5.1,-9.5,0.4,0.0,0.0,1.7,57.4,2025,1,11,5,11,2,1,0,0,0,9.9,376,0.49999999999999994,0.8660254037844387,-0.9749279121818236,-0.2225209339563146,0.18809941761179758,0.9821499931752291,-0.0,0.0,0.0,0.0,winter
2025-01-12,38308,-3.4,-8.2,2.5,0.0,0.0,1.8,59.9,2025,1,12,6,12,2,1,0,0,0,10.7,377,0.49999999999999994,0.8660254037844387,-0.7818314824680299,0.6234898018587334,0.20496611396949532,0.9787690698649216,-0.0,0.0,0.0,0.0,winter
2025-01-13,50945,-0.4,-5.6,4.1,7.42,1.3,1.7,76.9,2025,1,13,0,13,3,0,0,0,1,9.7,378,0.49999999999999994,0.8660254037844387,0.0,1.0,0.22177215755648186,0.975098513039961,-0.4,76.9,99.97000000000001,1.7,winter
2025-01-14,61057,2.3,-1.7,5.2,1.58,0.1,2.3,72.0,2025,1,14,1,14,3,0,0,0,1,6.9,379,0.49999999999999994,0.8660254037844387,0.7818314824680298,0.6234898018587336,0.23851257519407648,0.9711394088771653,2.3,72.0,7.2,2.3,winter
2025-01-15,64305,-3.5,-5.3,-0.5,0.0,0.0,2.9,40.8,2025,1,15,2,15,3,0,0,0,0,4.8,380,0.49999999999999994,0.8660254037844387,0.9749279121818236,-0.22252093395631434,0.2551824131233728,0.9668929289391521,-0.0,0.0,0.0,0.0,winter
2025-01-16,68299,-0.5,-4.9,2.8,2.0,0.0,2.0,65.1,2025,1,16,3,16,3,0,0,0,0,7.7,381,0.49999999999999994,0.8660254037844387,0.43388373911755823,-0.900968867902419,0.2717767384711357,0.9623603298276545,-0.0,0.0,0.0,0.0,winter
2025-01-17,73521,-0.5,-4.9,5.6,0.0,0.0,1.8,62.4,2025,1,17,4,17,3,0,0,0,0,10.5,382,0.49999999999999994,0.8660254037844387,-0.433883739117558,-0.9009688679024191,0.2882906407095177,0.9575429528116719,-0.0,0.0,0.0,0.0,winter
2025-01-18,56933,1.0,-4.0,7.5,0.0,0.0,1.6,54.1,2025,1,18,5,18,3,1,0,0,0,11.5,383,0.49999999999999994,0.8660254037844387,-0.9749279121818236,-0.2225209339563146,0.3047192331091634,0.9524422234305676,0.0,0.0,0.0,0.0,winter
2025-01-19,51398,3.8,-1.2,9.0,0.0,0.0,1.8,65.0,2025,1,19,6,19,3,1,0,0,0,10.2,384,0.49999999999999994,0.8660254037844387,-0.7818314824680299,0.6234898018587334,0.321057654185271,0.9470596510722283,0.0,0.0,0.0,0.0,winter
2025-01-20,76911,3.9,0.9,7.5,0.17,0.0,1.7,73.1,2025,1,20,0,20,4,0,0,0,0,6.6,385,0.49999999999999994,0.8660254037844387,0.0,1.0,0.3373010691361842,0.9413968285264122,0.0,0.0,0.0,0.0,winter
2025-01-21,76568,2.4,-1.0,6.3,0.0,0.0,1.6,79.8,2025,1,21,1,21,4,0,0,0,0,7.3,386,0.49999999999999994,0.8660254037844387,0.7818314824680298,0.6234898018587336,0.3534446712740877,0.9354554315134164,0.0,0.0,0.0,0.0,winter
2025-01-22,80528,3.6,0.5,7.7,0.0,0.0,1.9,70.3,2025,1,22,2,22,4,0,0,0,0,7.2,387,0.49999999999999994,0.8660254037844387,0.9749279121818236,-0.22252093395631434,0.3694836834473831,0.9292372181882051,0.0,0.0,0.0,0.0,winter
2025-01-23,81308,2.0,-2.4,7.7,0.0,0.0,1.6,54.3,2025,1,23,3,23,4,0,0,0,0,10.1,388,0.49999999999999994,0.8660254037844387,0.43388373911755823,-0.900968867902419,0.38541335945432564,0.9227440286201427,0.0,0.0,0.0,0.0,winter
2025-01-24,85272,3.1,-2.7,10.6,0.0,0.0,1.5,45.9,2025,1,24,4,24,4,0,0,0,0,13.3,389,0.49999999999999994,0.8660254037844387,-0.433883739117558,-0.9009688679024191,0.4012289854475009,0.9159777842484877,0.0,0.0,0.0,0.0,winter
2025-01-25,63695,5.2,1.2,11.4,0.0,0.0,3.1,52.8,2025,1,25,5,25,4,1,0,0,0,10.200000000000001,390,0.49999999999999994,0.8660254037844387,-0.9749279121818236,-0.2225209339563146,0.4169258813287287,0.908940487313808,0.0,0.0,0.0,0.0,winter
2025-01-26,49384,4.6,1.8,7.5,0.0,0.0,2.8,50.5,2025,1,26,6,26,4,1,0,0,0,5.7,391,0.49999999999999994,0.8660254037844387,-0.7818314824680299,0.6234898018587334,0.4324994021339788,0.901634220265486,0.0,0.0,0.0,0.0,winter
2025-01-27,16746,0.2,-2.7,5.1,22.35,5.6,3.5,77.9,2025,1,27,0,27,5,0,0,0,1,7.8,392,0.49999999999999994,0.8660254037844387,0.0,1.0,0.44794493940789115,0.8940611451454876,0.2,77.9,436.24,3.5,winter
2025-01-28,15070,-3.9,-5.3,-2.5,22.58,0.1,4.0,71.3,2025,1,28,1,28,5,0,0,0,1,2.8,393,0.49999999999999994,0.8660254037844387,0.7818314824680298,0.6234898018587336,0.4632579225674917,0.88622350294858,-3.9,71.3,7.13,4.0,winter
2025-01-29,16398,-4.6,-6.4,-1.3,11.75,0.2,3.1,66.1,2025,1,29,2,29,5,0,0,0,1,5.1000000000000005,394,0.49999999999999994,0.8660254037844387,0.9749279121818236,-0.22252093395631434,0.4784338202547012,0.8781236129591848,-4.6,66.1,13.219999999999999,3.1,winter
2025-01-30,28784,-3.8,-7.5,-1.0,0.0,0.0,1.6,46.6,2025,1,30,3,30,5,0,0,0,0,6.5,395,0.49999999999999994,0.8660254037844387,0.43388373911755823,-0.900968867902419,0.49346814167723735,0.8697638720650646,-0.0,0.0,0.0,0.0,winter
2025-01-31,26433,-0.8,-2.6,0.7,17.92,2.4,2.1,80.1,2025,1,31,4,31,5,0,0,1,1,3.3,396,0.49999999999999994,0.8660254037844387,-0.433883739117558,-0.9009688679024191,0.5083564379375122,0.8611467540480452,-0.8,80.1,192.23999999999998,2.1,winter
2025-02-01,42902,1.6,-2.0,7.9,0.0,0.0,1.6,74.3,2025,2,1,5,32,5,1,1,0,0,9.9,397,0.8660254037844386,0.5000000000000001,-0.9749279121818236,-0.2225209339563146,0.5230943033491326,0.8522748088519838,0.0,0.0,0.0,0.0,winter
2025-02-02,47226,1.5,-2.5,6.8,0.08,0.0,2.0,67.1,2025,2,2,6,33,5,1,0,0,0,9.3,398,0.8660254037844386,0.5000000000000001,-0.7818314824680299,0.6234898018587334,0.5376773767406141,0.8431506618282,0.0,0.0,0.0,0.0,winter
2025-02-03,58107,-4.1,-8.2,0.6,0.0,0.0,4.2,48.8,2025,2,3,0,34,6,0,0,0,0,8.799999999999999,399,0.8660254037844386,0.5000000000000001,0.0,1.0,0.5521013427459208,0.8337770129585915,-0.0,0.0,0.0,0.0,winter
2025-02-04,49334,-9.0,-11.5,-5.3,0.0,0.0,3.7,50.8,2025,2,4,1,35,6,0,0,0,0,6.2,400,0.8660254037844386,0.5000000000000001,0.7818314824680298,0.6234898018587336,0.5663619330814524,0.8241566360566663,-0.0,0.0,0.0,0.0,winter
2025-02-05,50837,-8.6,-11.8,-3.7,0.0,0.0,3.2,49.1,2025,2,5,2,36,6,0,0,0,0,8.100000000000001,401,0.8660254037844386,0.5000000000000001,0.9749279121818236,-0.22252093395631434,0.580454927809098,0.8142923779467267,-0.0,0.0,0.0,0.0,winter
2025-02-06,37910,-5.6,-11.5,-0.2,2.75,2.3,1.7,59.9,2025,2,6,3,37,6,0,0,0,1,11.3,402,0.8660254037844386,0.5000000000000001,0.43388373911755823,-0.900968867902419,0.5943761565849831,0.804187157621448,-5.6,59.9,137.76999999999998,1.7,winter
2025-02-07,25539,-8.0,-10.7,-4.7,6.17,0.4,3.9,60.1,2025,2,7,4,38,6,0,0,0,1,5.999999999999999,403,0.8660254037844386,0.5000000000000001,-0.433883739117558,-0.9009688679024191,0.6081214998935418,0.7938439653781019,-8.0,60.1,24.040000000000003,3.9,winter
2025-02-08,29054,-7.9,-11.5,-3.4,0.0,0.0,2.8,54.5,2025,2,8,5,39,6,1,0,0,0,8.1,404,0.8660254037844386,0.5000000000000001,-0.9749279121818236,-0.2225209339563146,0.6216868902665479,0.7832658619336791,-0.0,0.0,0.0,0.0,winter
2025-02-09,30725,-4.7,-9.6,1.7,0.0,0.0,2.2,63.8,2025,2,9,6,40,6,1,0,0,0,11.299999999999999,405,0.8660254037844386,0.5000000000000001,-0.7818314824680299,0.6234898018587334,0.6350683134867438,0.7724559775191742,-0.0,0.0,0.0,0.0,winter
2025-02-10,59309,-2.6,-7.5,2.6,1.58,0.0,2.1,61.0,2025,2,10,0,41,7,0,0,0,0,10.1,406,0.8660254037844386,0.5000000000000001,0.0,1.0,0.6482618097757122,0.7614175109532997,-0.0,0.0,0.0,0.0,winter
2025-02-11,70893,0.5,-5.7,7.0,0.0,0.0,2.0,59.8,2025,2,11,1,42,7,0,0,0,0,12.7,407,0.8660254037844386,0.5000000000000001,0.7818314824680298,0.6234898018587336,0.6612634749656386,0.7501537286959042,0.0,0.0,0.0,0.0,winter
2025-02-12,35468,0.5,-2.9,2.5,12.5,2.5,2.6,75.8,2025,2,12,2,43,7,0,0,0,1,5.4,408,0.8660254037844386,0.5000000000000001,0.9749279121818236,-0.22252093395631434,0.6740694616546161,0.7386679638813748,0.5,75.8,189.5,2.6,winter
2025-02-13,68750,0.2,-5.8,6.1,0.0,0.0,2.2,53.1,2025,2,13,3,44,7,0,0,0,0,11.899999999999999,409,0.8660254037844386,0.5000000000000001,0.43388373911755823,-0.900968867902419,0.6866759803451553,0.726963615332308,0.0,0.0,0.0,0.0,winter
2025-02-14,79247,3.7,-1.6,10.1,0.0,0.0,1.9,67.4,2025,2,14,4,45,7,0,0,0,0,11.7,410,0.8660254037844386,0.5000000000000001,-0.433883739117558,-0.9009688679024191,0.6990793005655562,0.7150441465537444,0.0,0.0,0.0,0.0,winter
2025-02-15,60415,4.1,0.4,7.8,0.0,0.0,1.6,76.5,2025,2,15,5,46,7,1,0,0,0,7.3999999999999995,411,0.8660254037844386,0.5000000000000001,-0.9749279121818236,-0.2225209339563146,0.7112757519738152,0.7029130847082615,0.0,0.0,0.0,0.0,winter
2025-02-16,53214,4.3,0.4,9.7,0.0,0.0,2.5,75.6,2025,2,16,6,47,7,1,0,0,0,9.299999999999999,412,0.8660254037844386,0.5000000000000001,-0.7818314824680299,0.6234898018587334,0.7232617254437388,0.6905740195722293,0.0,0.0,0.0,0.0,winter
2025-02-17,68698,-0.3,-3.4,3.5,0.0,0.0,3.6,39.1,2025,2,17,0,48,8,0,0,0,0,6.9,413,0.8660254037844386,0.5000000000000001,0.0,1.0,0.7350336741329413,0.6780306024735382,-0.0,0.0,0.0,0.0,winter
2025-02-18,66571,-2.3,-5.2,2.6,0.0,0.0,3.4,40.3,2025,2,18,1,49,8,0,0,0,0,7.800000000000001,414,0.8660254037844386,0.5000000000000001,0.7818314824680298,0.6234898018587336,0.746588114532413,0.6652865452111116,-0.0,0.0,0.0,0.0,winter
2025-02-19,65350,-3.0,-5.8,1.2,0.0,0.0,3.0,44.8,2025,2,19,2,50,8,0,0,0,0,7.0,415,0.8660254037844386,0.5000000000000001,0.9749279121818236,-0.22252093395631434,0.7579216274973472,0.6523456189565257,-0.0,0.0,0.0,0.0,winter
2025-02-20,65458,-2.9,-6.5,1.9,0.0,0.0,2.7,43.3,2025,2,20,3,51,8,0,0,0,0,8.4,416,0.8660254037844386,0.5000000000000001,0.43388373911755823,-0.900968867902419,0.7690308592589181,0.6392116531380588,-0.0,0.0,0.0,0.0,winter
2025-02-21,66490,-2.5,-6.4,2.6,0.0,0.0,2.7,45.3,2025,2,21,4,52,8,0,0,0,0,9.0,417,0.8660254037844386,0.5000000000000001,-0.433883739117558,-0.9009688679024191,0.7799125224167177,0.6258885343075018,-0.0,0.0,0.0,0.0,winter
2025-02-22,49412,-2.3,-5.6,2.7,0.0,0.0,2.7,49.1,2025,2,22,5,53,8,1,0,0,0,8.3,418,0.8660254037844386,0.5000000000000001,-0.9749279121818236,-0.2225209339563146,0.7905633969115482,0.612380204990065,-0.0,0.0,0.0,0.0,winter
2025-02-23,37830,-3.6,-6.5,0.5,0.0,0.0,3.0,45.4,2025,2,23,6,54,8,1,0,0,0,7.0,419,0.8660254037844386,0.5000000000000001,-0.7818314824680299,0.6234898018587334,0.8009803309782905,0.5986906625177214,-0.0,0.0,0.0,0.0,winter
2025-02-24,68743,-1.3,-6.3,4.7,0.0,0.0,2.3,49.8,2025,2,24,0,55,9,0,0,0,0,11.0,420,0.8660254037844386,0.5000000000000001,0.0,1.0,0.8111602420785621,0.5848239578463322,-0.0,0.0,0.0,0.0,winter
2025-02-25,75271,2.1,-3.1,6.1,0.0,0.0,2.9,72.6,2025,2,25,1,56,9,0,0,0,0,9.2,421,0.8660254037844386,0.5000000000000001,0.7818314824680298,0.6234898018587336,0.8211001178128892,0.5707841943569036,0.0,0.0,0.0,0.0,winter
2025-02-26,81379,3.7,0.7,9.1,0.0,0.0,2.6,49.4,2025,2,26,2,57,9,0,0,0,0,8.4,422,0.8660254037844386,0.5000000000000001,0.9749279121818236,-0.22252093395631434,0.8307970168121247,0.5565755266413303,0.0,0.0,0.0,0.0,winter
2025-02-27,91203,5.8,-2.0,14.2,0.0,0.0,1.9,29.4,2025,2,27,3,58,9,0,0,0,0,16.2,423,0.8660254037844386,0.5000000000000001,0.43388373911755823,-0.900968867902419,0.8402480696078469,0.5422021592729844,0.0,0.0,0.0,0.0,winter
2025-02-28,94205,7.8,3.7,13.7,0.0,0.0,1.5,52.4,2025,2,28,4,59,9,0,0,1,0,10.0,424,0.8660254037844386,0.5000000000000001,-0.433883739117558,-0.9009688679024191,0.8494504794814806,0.527668345562516,0.0,0.0,0.0,0.0,winter
2025-03-01,58921,8.5,3.4,13.0,1.5,0.6,2.0,68.5,2025,3,1,5,60,9,1,1,0,1,9.6,425,1.0,6.123233995736766e-17,-0.9749279121818236,-0.2225209339563146,0.8584015232918917,0.512978386299228,8.5,68.5,41.1,2.0,spring
2025-03-02,32851,8.3,2.2,15.6,9.42,11.8,3.7,68.0,2025,3,2,6,61,9,1,0,0,1,13.399999999999999,426,1.0,6.123233995736766e-17,-0.7818314824680299,0.6234898018587334,0.8670985522812081,0.4981366284784055,8.3,68.0,802.4000000000001,3.7,spring
2025-03-03,45445,3.1,1.0,7.1,7.33,10.4,6.3,63.5,2025,3,3,0,62,10,0,0,0,1,6.1,427,1.0,6.123233995736766e-17,0.0,1.0,0.8755389928586302,0.4831474640149687,3.1,63.5,660.4,6.3,spring
2025-03-04,52217,2.5,0.9,3.4,8.75,4.0,4.5,68.3,2025,3,4,1,63,10,0,0,0,1,2.5,428,1.0,6.123233995736766e-17,0.7818314824680298,0.6234898018587336,0.8837203473619977,0.4680153284438345,2.5,68.3,273.2,4.5,spring
2025-03-05,89885,4.8,2.3,9.2,0.5,0.0,2.2,63.3,2025,3,5,2,64,10,0,0,0,0,6.8999999999999995,429,1.0,6.123233995736766e-17,0.9749279121818236,-0.22252093395631434,0.8916401947968874,0.45274469960737107,0.0,0.0,0.0,0.0,spring
2025-03-06,95225,4.8,-0.4,10.4,0.0,0.0,2.3,55.1,2025,3,6,3,65,10,0,0,0,0,10.8,430,1.0,6.123233995736766e-17,0.43388373911755823,-0.900968867902419,0.8992961915530253,0.4373400963303323,0.0,0.0,0.0,0.0,spring
2025-03-07,98680,5.3,0.0,11.1,0.0,0.0,1.8,49.3,2025,3,7,4,66,10,0,0,0,0,11.1,431,1.0,6.123233995736766e-17,-0.433883739117558,-0.9009688679024191,0.9066860720977985,0.4218060770826634,0.0,0.0,0.0,0.0,spring
2025-03-08,81479,5.8,2.8,11.2,0.0,0.0,2.2,55.0,2025,3,8,5,67,10,1,0,0,0,8.399999999999999,432,1.0,6.123233995736766e-17,-0.9749279121818236,-0.2225209339563146,0.9138076496466615,0.4061472386305789,0.0,0.0,0.0,0.0,spring
2025-03-09,80200,6.9,1.2,13.5,0.0,0.0,1.7,67.3,2025,3,9,6,68,10,1,0,0,0,12.3,433,1.0,6.123233995736766e-17,-0.7818314824680299,0.6234898018587334,0.9206588168102428,0.3903682146763026,0.0,0.0,0.0,0.0,spring
2025-03-10,103848,8.0,2.4,14.9,0.0,0.0,2.1,59.8,2025,3,10,0,69,11,0,0,0,0,12.5,434,1.0,6.123233995736766e-17,0.0,1.0,0.9272375462179537,0.374473674486883,0.0,0.0,0.0,0.0,spring
2025-03-11,111514,9.4,2.9,16.6,0.0,0.0,1.8,58.0,2025,3,11,1,70,11,0,0,0,0,13.700000000000001,435,1.0,6.123233995736766e-17,0.7818314824680298,0.6234898018587336,0.9335418911179212,0.35846832151248087,0.0,0.0,0.0,0.0,spring
2025-03-12,99722,8.5,6.7,11.8,1.08,0.0,2.1,72.3,2025,3,12,2,71,11,0,0,0,0,5.1000000000000005,436,1.0,6.123233995736766e-17,0.9749279121818236,-0.22252093395631434,0.9395699859530622,0.342356891994542,0.0,0.0,0.0,0.0,spring
2025-03-13,110368,8.9,3.2,15.0,0.0,0.0,2.4,54.6,2025,3,13,3,72,11,0,0,0,0,11.8,437,1.0,6.123233995736766e-17,0.43388373911755823,-0.900968867902419,0.945320046913132,0.3261441535642696,0.0,0.0,0.0,0.0,spring
2025-03-14,125131,12.4,5.0,20.1,0.0,0.0,1.8,31.4,2025,3,14,4,73,11,0,0,0,0,15.100000000000001,438,1.0,6.123233995736766e-17,-0.433883739117558,-0.9009688679024191,0.9507903724625832,0.3098349038318025,0.0,0.0,0.0,0.0,spring
2025-03-15,109746,12.6,10.0,17.2,0.75,0.0,2.8,39.1,2025,3,15,5,74,11,1,0,0,0,7.199999999999999,439,1.0,6.123233995736766e-17,-0.9749279121818236,-0.2225209339563146,0.9559793438440766,0.2934339689665273,0.0,0.0,0.0,0.0,spring
2025-03-16,50204,4.9,1.3,10.1,9.0,0.8,3.6,56.3,2025,3,16,6,75,11,1,0,0,1,8.799999999999999,440,1.0,6.123233995736766e-17,-0.7818314824680299,0.6234898018587334,0.9608854255574977,0.27694620226893646,4.9,56.3,45.04,3.6,spring
2025-03-17,90119,2.5,-1.3,6.8,3.92,0.4,2.9,46.0,2025,3,17,0,76,12,0,0,0,1,8.1,441,1.0,6.123233995736766e-17,0.0,1.0,0.9655071658143364,0.2603764827344581,2.5,46.0,18.400000000000002,2.9,spring
2025-03-18,59001,2.1,0.3,5.6,12.92,9.9,2.8,70.6,2025,3,18,1,77,12,0,0,0,1,5.3,442,1.0,6.123233995736766e-17,0.7818314824680298,0.6234898018587336,0.969843196967294,0.24372971360968387,2.1,70.6,698.9399999999999,2.8,spring
2025-03-19,93999,2.4,-1.9,7.3,0.0,0.0,2.4,49.5,2025,3,19,2,78,12,0,0,0,0,9.2,443,1.0,6.123233995736766e-17,0.9749279121818236,-0.22252093395631434,0.9738922359149924,0.22701082094141847,0.0,0.0,0.0,0.0,spring
2025-03-20,109736,8.2,2.2,15.0,0.0,0.0,2.7,62.8,2025,3,20,3,79,12,0,0,0,0,12.8,444,1.0,6.123233995736766e-17,0.43388373911755823,-0.900968867902419,0.9776530844816641,0.2102247521189836,0.0,0.0,0.0,0.0,spring
2025-03-21,120515,11.6,7.9,18.7,0.0,0.0,2.9,61.3,2025,3,21,4,80,12,0,0,0,0,10.799999999999999,445,1.0,6.123233995736766e-17,-0.433883739117558,-0.9009688679024191,0.981124629771712,0.19337647441020586,0.0,0.0,0.0,0.0,spring
2025-03-22,115085,12.8,6.1,19.9,0.0,0.0,2.7,53.8,2025,3,22,5,81,12,1,0,0,0,13.799999999999999,446,1.0,6.123233995736766e-17,-0.9749279121818236,-0.2225209339563146,0.984305844499033,0.17647097349152166,0.0,0.0,0.0,0.0,spring
2025-03-23,115859,15.2,7.1,24.0,0.0,0.0,1.9,49.0,2025,3,23,6,82,12,1,0,0,0,16.9,447,1.0,6.123233995736766e-17,-0.7818314824680299,0.6234898018587334,0.9871957872910085,0.15951325197263655,0.0,0.0,0.0,0.0,spring
2025-03-24,127283,15.5,11.7,21.3,0.67,0.0,3.0,56.1,2025,3,24,0,83,13,0,0,0,0,9.600000000000001,448,1.0,6.123233995736766e-17,0.0,1.0,0.9897936029670716,0.14250832791617088,0.0,0.0,0.0,0.0,spring
2025-03-25,115458,12.7,8.4,21.4,0.0,0.0,3.3,63.5,2025,3,25,1,84,13,0,0,0,0,12.999999999999998,449,1.0,6.123233995736766e-17,0.7818314824680298,0.6234898018587336,0.992098522791769,0.12546123335273648,0.0,0.0,0.0,0.0,spring
2025-03-26,134702,15.5,6.0,23.9,0.0,0.0,2.2,46.4,2025,3,26,2,85,13,0,0,0,0,17.9,450,1.0,6.123233995736766e-17,0.9749279121818236,-0.22252093395631434,0.9941098647022418,0.10837701279187609,0.0,0.0,0.0,0.0,spring
2025-03-27,101747,13.7,7.1,18.6,4.83,0.3,3.2,65.1,2025,3,27,3,86,13,0,0,0,1,11.500000000000002,451,1.0,6.123233995736766e-17,0.43388373911755823,-0.900968867902419,0.9958270335100595,0.09126072172931188,13.7,65.1,19.529999999999998,3.2,spring
2025-03-28,112105,6.5,3.1,11.8,0.0,0.0,3.7,41.6,2025,3,28,4,87,13,0,0,0,0,8.700000000000001,452,1.0,6.123233995736766e-17,-0.433883739117558,-0.9009688679024191,0.9972495210773451,0.07411742515094437,0.0,0.0,0.0,0.0,spring
2025-03-29,63571,3.3,0.6,6.7,2.25,0.0,3.6,40.8,2025,3,29,5,88,13,1,0,0,0,6.1000000000000005,453,1.0,6.123233995736766e-17,-0.9749279121818236,-0.2225209339563146,0.998376906467142,0.056952196034039754,0.0,0.0,0.0,0.0,spring
2025-03-30,57013,3.3,-1.8,7.6,4.67,0.0,2.8,51.1,2025,3,30,6,89,13,1,0,0,0,9.4,454,1.0,6.123233995736766e-17,-0.7818314824680299,0.6234898018587334,0.9992088560679753,0.03977011384605572,0.0,0.0,0.0,0.0,spring
2025-03-31,115322,7.7,1.2,14.1,0.0,0.0,2.2,50.5,2025,3,31,0,90,14,0,0,1,0,12.9,455,1.0,6.123233995736766e-17,0.0,1.0,0.9997451236925734,0.022576263041545485,0.0,0.0,0.0,0.0,spring
2025-04-01,128602,10.1,3.9,17.0,0.0,0.0,1.8,53.0,2025,4,1,1,91,14,0,1,0,0,13.1,456,0.8660254037844387,-0.4999999999999998,0.7818314824680298,0.6234898018587336,0.9999855506507186,0.005375731557583884,0.0,0.0,0.0,0.0,spring
2025-04-02,113275,8.9,5.2,14.4,0.32,0.0,2.4,55.4,2025,4,2,2,92,14,0,0,0,0,9.2,457,0.8660254037844387,-0.4999999999999998,0.9749279121818236,-0.22252093395631434,0.9999300657962057,-0.011826390691832589,0.0,0.0,0.0,0.0,spring
2025-04-03,127764,9.8,3.6,16.9,0.0,0.0,2.4,58.6,2025,4,3,3,93,14,0,0,0,0,13.299999999999999,458,0.8660254037844387,-0.4999999999999998,0.43388373911755823,-0.900968867902419,0.9995786855478958,-0.029025013321975237,0.0,0.0,0.0,0.0,spring
2025-04-04,130775,10.6,6.0,16.4,0.0,0.0,2.2,54.5,2025,4,4,4,94,14,0,0,0,0,10.399999999999999,459,0.8660254037844387,-0.4999999999999998,-0.433883739117558,-0.9009688679024191,0.9989315138848577,-0.046215046983708354,0.0,0.0,0.0,0.0,spring
2025-04-05,17053,8.0,7.5,9.5,18.22,22.8,1.9,86.1,2025,4,5,5,95,14,1,0,0,1,2.0,460,0.8660254037844387,-0.4999999999999998,-0.9749279121818236,-0.2225209339563146,0.9979887423155984,-0.06339140486951038,8.0,86.1,1963.08,1.9,spring
2025-04-06,104882,10.3,6.9,15.7,0.33,0.0,2.8,67.3,2025,4,6,6,96,14,1,0,0,0,8.799999999999999,461,0.8660254037844387,-0.4999999999999998,-0.7818314824680299,0.6234898018587334,0.9967506498213929,-0.08054900421874167,0.0,0.0,0.0,0.0,spring
2025-04-07,139291,13.5,5.5,20.1,0.0,0.0,2.7,54.5,2025,4,7,0,97,15,0,0,0,0,14.600000000000001,462,0.8660254037844387,-0.4999999999999998,0.0,1.0,0.9952176027737294,-0.09768276782171598,0.0,0.0,0.0,0.0,spring
2025-04-08,147589,13.8,10.7,18.9,0.0,0.0,3.1,55.0,2025,4,8,1,98,15,0,0,0,0,8.2,463,0.8660254037844387,-0.4999999999999998,0.7818314824680298,0.6234898018587336,0.9933900548258936,-0.11478762552212701,0.0,0.0,0.0,0.0,spring
2025-04-09,124370,12.7,8.4,18.0,2.52,0.8,2.0,51.6,2025,4,9,2,99,15,0,0,0,1,9.6,464,0.8660254037844387,-0.4999999999999998,0.9749279121818236,-0.22252093395631434,0.9912685467787256,-0.13185851571739118,12.7,51.6,41.28,2.0,spring
2025-04-10,149696,13.2,8.8,19.1,3.42,0.0,2.2,60.6,2025,4,10,3,100,15,0,0,0,0,10.3,465,0.8660254037844387,-0.4999999999999998,0.43388373911755823,-0.900968867902419,0.9888537064205885,-0.1488903868564548,0.0,0.0,0.0,0.0,spring
2025-04-11,167346,16.2,8.1,24.2,0.0,0.0,2.0,51.8,2025,4,11,4,101,15,0,0,0,0,16.1,466,0.8660254037844387,-0.4999999999999998,-0.433883739117558,-0.9009688679024191,0.986146248341595,-0.16587819893463143,0.0,0.0,0.0,0.0,spring
2025-04-12,53027,12.9,1.4,22.5,11.17,15.4,3.1,66.5,2025,4,12,5,102,15,1,0,0,1,21.1,467,0.8660254037844387,-0.4999999999999998,-0.9749279121818236,-0.2225209339563146,0.9831469737221499,-0.1828169249850199,12.9,66.5,1024.1000000000001,3.1,spring
2025-04-13,41925,5.5,1.1,8.2,6.47,4.2,4.2,71.1,2025,4,13,6,103,15,1,0,0,1,7.1,468,0.8660254037844387,-0.4999999999999998,-0.7818314824680299,0.6234898018587334,0.9798567700958665,-0.1997015525660636,5.5,71.1,298.62,4.2,spring
2025-04-14,41890,4.4,2.6,6.0,11.88,7.4,2.5,87.4,2025,4,14,0,104,16,0,0,0,1,3.4,469,0.8660254037844387,-0.4999999999999998,0.0,1.0,0.9762766110869321,-0.21652708524481437,4.4,87.4,646.7600000000001,2.5,spring
2025-04-15,124290,8.2,2.3,14.0,0.0,0.0,2.7,70.3,2025,4,15,1,105,16,0,0,0,0,11.7,470,0.8660254037844387,-0.4999999999999998,0.7818314824680298,0.6234898018587336,0.9724075561219968,-0.23328854407545518,0.0,0.0,0.0,0.0,spring
2025-04-16,148388,14.6,6.4,21.9,0.0,0.0,2.5,58.0,2025,4,16,2,106,16,0,0,0,0,15.499999999999998,471,0.8660254037844387,-0.4999999999999998,0.9749279121818236,-0.22252093395631434,0.9682507501166718,-0.2499809690726521,0.0,0.0,0.0,0.0,spring
2025-04-17,152477,19.7,15.8,24.7,0.0,0.0,2.6,63.5,2025,4,17,3,107,16,0,0,0,0,8.899999999999999,472,0.8660254037844387,-0.4999999999999998,0.43388373911755823,-0.900968867902419,0.9638074231367307,-0.26659942067929354,0.0,0.0,0.0,0.0,spring
2025-04-18,154989,18.6,15.4,23.7,0.83,0.0,2.4,67.9,2025,4,18,4,108,16,0,0,0,0,8.299999999999999,473,0.8660254037844387,-0.4999999999999998,-0.433883739117558,-0.9009688679024191,0.9590788900341131,-0.28313898122818354,0.0,0.0,0.0,0.0,spring
2025-04-19,41988,15.3,12.2,20.0,11.5,9.2,3.0,89.1,2025,4,19,5,109,16,1,0,0,1,7.800000000000001,474,0.8660254037844387,-0.4999999999999998,-0.9749279121818236,-0.2225209339563146,0.9540665500578387,-0.2995947563972602,15.3,89.1,819.7199999999999,3.0,spring
2025-04-20,136746,16.7,9.5,24.1,0.0,0.0,1.7,70.0,2025,4,20,6,110,16,1,0,0,0,14.600000000000001,475,0.8660254037844387,-0.4999999999999998,-0.7818314824680299,0.6234898018587334,0.9487718864399473,-0.31596187665790293,0.0,0.0,0.0,0.0,spring
2025-04-21,158268,20.7,14.2,27.1,0.0,0.0,2.2,65.3,2025,4,21,0,111,17,0,0,0,0,12.900000000000002,476,0.8660254037844387,-0.4999999999999998,0.0,1.0,0.9431964659565866,-0.33223549871590435,0.0,0.0,0.0,0.0,spring
2025-04-22,45308,17.8,14.2,20.4,11.53,34.8,1.5,87.8,2025,4,22,1,112,17,0,0,0,1,6.199999999999999,477,0.8660254037844387,-0.4999999999999998,0.7818314824680298,0.6234898018587336,0.9373419384643772,-0.3484108069446808,17.8,87.8,3055.4399999999996,1.5,spring
2025-04-23,158602,16.8,10.9,22.9,0.0,0.0,2.5,62.4,2025,4,23,2,113,17,0,0,0,0,11.999999999999998,478,0.8660254037844387,-0.4999999999999998,0.9749279121818236,-0.22252093395631434,0.9312100364121947,-0.3644830148102912,0.0,0.0,0.0,0.0,spring
2025-04-24,150526,14.7,10.7,19.6,0.0,0.0,3.1,52.4,2025,4,24,3,114,17,0,0,0,0,8.900000000000002,479,0.8660254037844387,-0.4999999999999998,0.43388373911755823,-0.900968867902419,0.9248025743285089,-0.38044736628785164,0.0,0.0,0.0,0.0,spring
2025-04-25,148020,12.5,7.7,17.8,0.0,0.0,3.0,38.4,2025,4,25,4,115,17,0,0,0,0,10.100000000000001,480,0.8660254037844387,-0.4999999999999998,-0.433883739117558,-0.9009688679024191,0.9181214482844364,-0.39629913726891813,0.0,0.0,0.0,0.0,spring
2025-04-26,133576,13.8,7.2,20.0,0.0,0.0,2.8,53.1,2025,4,26,5,116,17,1,0,0,0,12.8,481,0.8660254037844387,-0.4999999999999998,-0.9749279121818236,-0.2225209339563146,0.9111686353326631,-0.41203363695942635,0.0,0.0,0.0,0.0,spring
2025-04-27,116047,14.9,10.7,19.1,0.0,0.0,2.8,46.4,2025,4,27,6,117,17,1,0,0,0,8.400000000000002,482,0.8660254037844387,-0.4999999999999998,-0.7818314824680299,0.6234898018587334,0.9039461929224011,-0.42764620926777464,0.0,0.0,0.0,0.0,spring
2025-04-28,151260,15.1,10.3,20.2,0.0,0.0,2.7,45.6,2025,4,28,0,118,18,0,0,0,0,9.899999999999999,483,0.8660254037844387,-0.4999999999999998,0.0,1.0,0.8964562582905575,-0.44313223418263453,0.0,0.0,0.0,0.0,spring
2025-04-29,157192,14.8,8.2,21.0,0.0,0.0,2.3,34.1,2025,4,29,1,119,18,0,0,0,0,12.8,484,0.8660254037844387,-0.4999999999999998,0.7818314824680298,0.6234898018587336,0.8887010478292915,-0.45848712914008766,0.0,0.0,0.0,0.0,spring
2025-04-30,165638,18.4,10.0,25.8,0.0,0.0,2.6,36.3,2025,4,30,2,120,18,0,0,1,0,15.8,485,0.8660254037844387,-0.4999999999999998,0.9749279121818236,-0.22252093395631434,0.8806828564301475,-0.47370635037968,0.0,0.0,0.0,0.0,spring
